Rk,Player,Pos,Age,Tm,G,MP,PER,TS%,3PAr,FTr,ORB%,DRB%,TRB%,AST%,STL%,BLK%,TOV%,USG%,OWS,DWS,WS,WS/48,OBPM,DBPM,BPM,VORP
1,Precious Achiuwa,C,23,TOR,55,1140,15.2,0.554,0.267,0.307,9.3,24.4,16.3,6.3,1.3,2.6,11.4,19.4,0.8,1.4,2.2,0.093,-1.4,-0.8,-2.3,-0.1
2,Steven Adams,C,29,MEM,42,1133,17.5,0.564,0.004,0.49,20.1,25.3,22.7,11.2,1.5,3.7,19.8,14.6,1.3,2.1,3.4,0.144,-0.3,0.9,0.6,0.7
3,Bam Adebayo,C,25,MIA,75,2598,20.1,0.592,0.011,0.361,8,23.6,15.5,15.9,1.7,2.4,12.7,25.2,3.6,3.8,7.4,0.137,0.8,0.8,1.5,2.3
4,Ochai Agbaji,SG,22,UTA,59,1209,9.5,0.561,0.591,0.179,3.9,6.9,5.4,7.5,0.6,1,9,15.8,0.9,0.4,1.3,0.053,-1.7,-1.4,-3,-0.3
5,Santi Aldama,PF,22,MEM,77,1682,13.9,0.591,0.507,0.274,5.4,18,11.7,7.6,1.3,2.6,9.3,16,2.1,2.4,4.6,0.13,-0.3,0.8,0.5,1.1
6,Nickeil Alexander-Walker,SG,24,TOT,59,884,11.6,0.565,0.539,0.203,1.9,10.5,6.3,16.7,1.7,2,14.6,17.9,0.3,0.8,1.1,0.062,-1.4,0.4,-0.9,0.2
6,Nickeil Alexander-Walker,SG,24,UTA,36,528,13,0.609,0.512,0.229,1.7,10.3,6,19.9,2.2,2.2,19.4,18.4,0.3,0.5,0.8,0.074,-0.6,1.1,0.5,0.3
6,Nickeil Alexander-Walker,SG,24,MIN,23,356,9.6,0.503,0.576,0.168,2.2,10.8,6.6,12,1.1,1.7,6.9,17.3,0,0.3,0.3,0.044,-2.5,-0.5,-3,-0.1
7,Grayson Allen,SG,27,MIL,72,1972,12.3,0.612,0.657,0.226,3.4,9,6.3,10.9,1.5,0.6,10.5,14.6,2.8,2.2,5.1,0.123,-0.6,0.7,0.1,1
8,Jarrett Allen,C,24,CLE,68,2220,19.9,0.67,0.016,0.353,11.7,23.6,17.7,7.5,1.2,3.5,11.4,16.4,5.5,4,9.5,0.205,1.3,1,2.4,2.4
9,Jose Alvarado,PG,24,NOP,61,1310,11.8,0.525,0.505,0.164,2.4,9.8,6.1,19.9,2.5,0.7,13.4,19.8,0.1,1.7,1.8,0.066,-2,0.7,-1.2,0.3
10,Kyle Anderson,PF,29,MIN,69,1957,14.8,0.583,0.212,0.275,3.8,16.9,10.5,22.6,1.9,2.8,15.7,14.4,2.5,2.6,5.1,0.125,0.2,2.3,2.5,2.2
11,Giannis Antetokounmpo,PF,28,MIL,63,2024,29,0.605,0.134,0.604,7.3,30,19.1,33.2,1.2,2.1,13.2,38.8,4.9,3.7,8.6,0.204,5.8,2.7,8.5,5.4
12,Thanasis Antetokounmpo,PF,30,MIL,37,206,6.7,0.458,0.174,0.478,7.9,14.1,11.1,9.3,0.7,1.2,17.7,13.8,-0.1,0.2,0.1,0.022,-6.5,-1.1,-7.6,-0.3
13,Cole Anthony,PG,22,ORL,60,1552,16,0.57,0.338,0.279,3.4,17.6,10.5,22.9,1.2,1.9,11.7,21.5,2.1,1.7,3.7,0.116,0.7,0.5,1.3,1.3
14,OG Anunoby,SF,25,TOR,67,2386,14.6,0.586,0.415,0.189,4.2,12.1,7.9,8,2.7,2,12.1,19.5,1.8,2.9,4.7,0.094,-0.3,0.7,0.4,1.5
15,Ryan Arcidiacono,PG,28,TOT,20,172,2.7,0.351,0.622,0,0,10,5,16.9,1.4,0,15.9,11.1,-0.2,0.1,-0.2,-0.043,-7.3,-1.5,-8.8,-0.3
15,Ryan Arcidiacono,PG,28,NYK,11,26,3.1,0.3,0.6,0,0,17,8.4,9.3,3.8,0,16.7,9.9,0,0,0,-0.012,-8.9,3.8,-5.1,0
15,Ryan Arcidiacono,PG,28,POR,9,146,2.6,0.359,0.625,0,0,8.7,4.3,18.3,1,0,15.8,11.3,-0.2,0,-0.1,-0.049,-7,-2.4,-9.4,-0.3
16,Deni Avdija,SF,22,WAS,76,2020,11.2,0.535,0.401,0.285,4.2,21.9,13.4,13.9,1.6,1.2,15.9,16.7,0,2.3,2.3,0.054,-2.8,0.5,-2.3,-0.1
17,Deandre Ayton,C,24,PHO,67,2035,19.9,0.617,0.027,0.225,9.2,27.5,18.1,9.2,0.9,2.3,11,22.9,3.3,3,6.2,0.147,0.9,0,0.9,1.5
18,Udoka Azubuike,C,23,UTA,36,359,16.1,0.774,0,0.278,9.5,26.1,17.9,4.3,0.8,3.5,18.2,11.5,0.6,0.4,1,0.134,-1.2,0.5,-0.6,0.1
19,Marvin Bagley III,C,23,DET,42,990,17.2,0.587,0.173,0.283,10.2,20.2,15.1,5.9,0.9,2.7,9.7,20.4,1.3,0.7,2,0.095,0.3,-1.2,-0.9,0.3
20,Patrick Baldwin Jr.,SF,20,GSW,31,226,11.3,0.546,0.771,0.055,0.5,18.6,9.7,6.9,1.3,1.6,9,22.8,-0.1,0.3,0.1,0.029,-0.7,-1.4,-2.1,0
21,LaMelo Ball,PG,21,CHO,36,1268,17.9,0.541,0.531,0.169,3.5,16.2,9.7,38.7,1.7,0.8,14.3,30,0.6,1.2,1.8,0.068,3.2,-0.8,2.4,1.4
22,Mo Bamba,C,24,TOT,49,769,15.7,0.602,0.515,0.257,8.5,24.2,16.4,8.7,0.8,5.3,10.1,16.6,1.1,1.1,2.2,0.139,-0.2,0.7,0.5,0.5
22,Mo Bamba,C,24,ORL,40,681,16.3,0.613,0.505,0.238,7.8,22.8,15.3,9,0.9,5.4,8.5,16.3,1.2,0.9,2.1,0.15,0.4,0.9,1.3,0.6
22,Mo Bamba,C,24,LAL,9,88,11.4,0.518,0.593,0.407,13.9,35.3,24.9,6,0.5,4.8,20.1,19.1,-0.1,0.2,0.1,0.054,-5.3,-0.2,-5.5,-0.1
23,Paolo Banchero,PF,20,ORL,72,2430,14.9,0.529,0.254,0.476,3.9,19.3,11.6,17.2,1.2,1.5,12.8,27.5,-0.3,2.6,2.4,0.047,-0.7,-0.7,-1.5,0.3
24,Desmond Bane,SG,24,MEM,58,1841,19.1,0.606,0.433,0.218,2.5,14.3,8.4,20.8,1.4,1.1,10.9,26.1,3.5,2.3,5.8,0.151,3.3,0.1,3.5,2.5
25,Dalano Banton,PG,23,TOR,31,279,14.9,0.505,0.392,0.185,4.2,14.9,9.1,19.3,2.3,4.5,11.4,24.2,0,0.4,0.4,0.064,-1.1,0.6,-0.5,0.1
26,Dominick Barlow,PF,19,SAS,28,408,12.4,0.567,0.047,0.291,11.9,15.6,13.7,7.6,1.2,3.8,13.4,11.3,0.5,0.2,0.7,0.082,-3.7,-0.8,-4.6,-0.3
27,Harrison Barnes,PF,30,SAC,82,2662,14.1,0.632,0.446,0.522,3.8,11.9,7.9,6.3,1,0.3,8.1,17.1,5.1,1.4,6.5,0.118,0.5,-1.5,-1,0.7
28,Scottie Barnes,SF,21,TOR,77,2678,15.5,0.524,0.22,0.242,7.1,15.2,10.8,20,1.5,2.2,12,20.3,2.3,2.7,5,0.09,0.5,-0.1,0.4,1.6
29,RJ Barrett,SG,22,NYK,73,2475,12.9,0.531,0.332,0.333,2.7,13.7,8.2,12.4,0.6,0.6,10.8,26.2,0.5,1.8,2.2,0.043,-1.2,-1.9,-3.1,-0.7
30,Will Barton,SG,32,TOT,56,993,10,0.493,0.495,0.129,1.7,13.5,7.7,15.4,1.4,1.1,11.1,18.9,-0.4,0.8,0.4,0.021,-2,-0.6,-2.6,-0.2
30,Will Barton,SG,32,WAS,40,782,10,0.504,0.484,0.158,1.5,13.8,7.9,16.5,1.1,1.1,12.9,19.4,-0.4,0.6,0.2,0.013,-1.7,-0.9,-2.7,-0.1
30,Will Barton,SG,32,TOR,16,211,9.9,0.451,0.532,0.025,2.5,12.2,7,11,2.6,1.4,3.6,16.7,0,0.2,0.2,0.051,-2.9,0.5,-2.5,0
31,Charles Bassey,C,22,SAS,35,508,18.8,0.658,0.059,0.274,15.5,26.4,20.7,12.9,1.5,5.4,21.3,15.6,0.7,0.6,1.3,0.122,-0.7,1.3,0.6,0.3
32,Keita Bates-Diop,PF,27,SAS,67,1452,14.9,0.609,0.305,0.323,4.7,14.3,9.3,9.8,1.5,1.1,9.5,16.7,2.1,0.6,2.7,0.089,0.3,-0.9,-0.6,0.5
33,Nicolas Batum,PF,34,LAC,78,1709,11,0.594,0.832,0.126,4.1,15.4,9.8,9.4,1.5,2.3,11.1,11.5,1.7,1.9,3.6,0.101,-0.8,1.2,0.5,1
34,Darius Bazley,C,22,TOT,43,616,13.1,0.524,0.29,0.383,5.8,18.5,12.1,8.3,1.7,5.1,11.2,16.4,0.1,0.9,1,0.078,-2,1,-1,0.2
34,Darius Bazley,C,22,OKC,36,555,12.9,0.525,0.285,0.411,5.5,18.3,11.8,7.6,1.6,4.8,10.5,15.7,0.1,0.8,0.9,0.079,-1.8,0.8,-1,0.1
34,Darius Bazley,C,22,PHO,7,61,15.5,0.515,0.32,0.2,8.9,20.4,14.5,14.5,2.4,7.3,15.5,22.5,0,0.1,0.1,0.066,-3.7,3.3,-0.4,0
35,Bradley Beal,SG,29,WAS,50,1673,19.7,0.593,0.249,0.26,2.8,9.9,6.5,26.6,1.3,1.7,12.9,29.2,2.2,1.2,3.4,0.099,2.9,-1.2,1.8,1.6
36,Malik Beasley,SG,26,TOT,81,2093,10.9,0.531,0.702,0.069,1.8,12.5,7.3,8.4,1.5,0.4,8.5,21.1,-0.2,1.6,1.4,0.032,-0.9,-1,-2,0
36,Malik Beasley,SG,26,UTA,55,1472,11.5,0.535,0.704,0.066,2,12.3,7.2,9,1.4,0.5,8,21.2,0.3,1,1.2,0.04,-0.4,-1.2,-1.6,0.2
36,Malik Beasley,SG,26,LAL,26,621,9.7,0.521,0.698,0.078,1.4,13,7.4,7,1.6,0.1,9.8,20.9,-0.5,0.6,0.2,0.012,-2.3,-0.6,-2.9,-0.1
37,MarJon Beauchamp,SF,22,MIL,52,701,8.2,0.513,0.584,0.152,5.9,11,8.5,6.7,1.4,0.8,14.8,18.3,-0.4,0.8,0.4,0.027,-4.1,-0.6,-4.8,-0.5
38,Dāvis Bertāns,PF,30,DAL,45,492,11.9,0.618,0.881,0.094,2.3,10.3,6.3,6.2,1.1,1.5,5.7,16.2,0.6,0.3,0.9,0.09,0,-1.3,-1.2,0.1
39,Patrick Beverley,SG-PG,34,TOT,67,1816,8.9,0.534,0.664,0.181,2.7,12,7.5,13.3,1.7,2,13.4,10.6,0.8,2.1,3,0.079,-2.9,1.7,-1.2,0.3
39,Patrick Beverley,SG,34,LAL,45,1211,8.3,0.548,0.656,0.207,2.2,9.9,6.2,12.1,1.6,1.7,13.8,10.6,0.5,1.3,1.8,0.071,-3.2,1.4,-1.8,0.1
39,Patrick Beverley,PG,34,CHI,22,605,10.1,0.506,0.681,0.126,3.8,16,10,15.7,1.9,2.6,12.5,10.5,0.3,0.9,1.2,0.096,-2.4,2.2,-0.2,0.3
40,Saddiq Bey,SF,23,TOT,77,2129,14.6,0.564,0.5,0.285,5,14,9.4,8.1,1.6,0.5,7,20.2,2.6,1.2,3.9,0.087,0.9,-1.2,-0.3,0.9
40,Saddiq Bey,SF,23,DET,52,1500,14.3,0.552,0.483,0.345,4.2,13.9,8.9,8.5,1.6,0.7,7.2,21.3,1.5,0.8,2.3,0.074,0.5,-1.1,-0.7,0.5
40,Saddiq Bey,SF,23,ATL,25,629,15.2,0.599,0.543,0.126,6.7,14.3,10.4,7.2,1.5,0.1,6.5,17.4,1.1,0.5,1.6,0.119,1.7,-1.2,0.5,0.4
41,Khem Birch,C,30,TOR,20,162,9.4,0.629,0.063,0.156,5.2,12.8,8.7,5.8,1.5,3,19,11.1,0.1,0.2,0.2,0.072,-4.6,1.1,-3.5,-0.1
42,Goga Bitadze,C,23,TOT,38,457,17.1,0.582,0.208,0.336,15,18.7,16.8,12.1,1.7,5.3,13.3,15.4,0.8,0.6,1.3,0.141,-0.8,1.1,0.3,0.3
42,Goga Bitadze,C,23,IND,21,202,13.9,0.551,0.269,0.462,13.8,13.2,13.5,12.1,2.1,4.3,16.1,15.5,0.2,0.2,0.4,0.087,-2.3,1.2,-1.1,0
42,Goga Bitadze,C,23,ORL,17,255,19.7,0.606,0.164,0.247,15.9,23.1,19.5,12.2,1.3,6.1,11,15.3,0.6,0.4,1,0.184,0.4,1,1.3,0.2
43,Bismack Biyombo,C,30,PHO,61,874,14.4,0.555,0,0.34,11,22.1,16.5,8.7,1,9,17.7,14,0.2,1.6,1.9,0.102,-3.4,2.5,-0.9,0.2
44,Buddy Boeheim,SF,23,DET,10,90,0.5,0.287,0.926,0.074,2.4,5.1,3.7,5.8,1.1,0,0,13.2,-0.2,0,-0.2,-0.091,-7.5,-2,-9.5,-0.2
45,Bogdan Bogdanović,SG,30,ATL,54,1508,14.2,0.586,0.589,0.126,1.6,10.4,6,13.4,1.4,1,9.2,19.8,1.8,1,2.8,0.088,1.1,-0.7,0.5,0.9
46,Bojan Bogdanović,PF,33,DET,59,1893,17.4,0.627,0.4,0.344,2,11.3,6.5,13.6,0.9,0.4,11.7,25.9,3.1,0.4,3.5,0.09,2.6,-1.8,0.8,1.4
47,Bol Bol,PF,23,ORL,70,1505,14.4,0.603,0.236,0.226,5.2,25.3,15.2,6.9,1,5.5,17.6,18.2,0,2.2,2.3,0.072,-1.8,0.9,-0.9,0.4
48,Leandro Bolmaro,SF,22,UTA,14,68,-5,0.15,0.2,0,6.5,4.7,5.6,12.3,2.1,1.2,25.9,16.6,-0.4,0,-0.3,-0.231,-12.4,-2.3,-14.7,-0.2
49,Devin Booker,SG,26,PHO,53,1835,22,0.601,0.296,0.336,2.7,12,7.2,27.3,1.4,0.9,10.6,31.8,4.2,1.9,6,0.157,4.5,-0.3,4.2,2.9
50,Brandon Boston Jr.,SF,21,LAC,22,248,13.4,0.515,0.238,0.311,3.2,10.3,6.8,12.5,1.8,0,8,26.5,0,0.2,0.2,0.04,-1.5,-0.7,-2.2,0
51,Chris Boucher,PF,30,TOR,76,1523,18,0.59,0.357,0.318,10.9,21.2,15.7,2.7,1.5,4.1,6.4,18,3,2,5,0.156,0.7,-0.8,-0.1,0.7
52,James Bouknight,SG,22,CHO,34,515,6.2,0.463,0.565,0.155,1.6,13.5,7.5,11.1,1.3,0.8,13.4,19.5,-0.8,0.4,-0.4,-0.04,-5.4,-1.1,-6.5,-0.6
53,Jamaree Bouyea,PG,23,TOT,5,71,6.5,0.504,0.429,0.143,1.6,8.4,4.9,7.8,2.8,2.9,21.2,11.8,-0.1,0.1,0,0.013,-5.8,1.6,-4.2,0
53,Jamaree Bouyea,PG,23,MIA,4,65,7.8,0.54,0.385,0.154,1.7,7.5,4.5,8.6,3.1,3.1,22.4,12.2,-0.1,0.1,0,0.029,-4.9,1.9,-2.9,0
53,Jamaree Bouyea,PG,23,WAS,1,6,-6.9,0,1,0,0,17.9,9.3,0,0,0,0,7.2,0,0,0,-0.15,-16.1,-1.7,-17.8,0
54,Tony Bradley,C,25,CHI,12,33,21.7,0.69,0.417,0.333,3.5,33.8,18.9,4.4,1.5,2.9,6.8,19.8,0.1,0.1,0.2,0.22,4.4,0.5,4.9,0.1
55,Malaki Branham,SG,19,SAS,66,1550,9.5,0.524,0.417,0.115,1.9,11.2,6.4,11.4,1,0.4,10.6,19.1,-0.4,0.2,-0.1,-0.004,-3,-2.1,-5.2,-1.3
56,Jarrell Brantley,PF,26,UTA,4,39,18.5,0.739,0.643,0.143,2.8,13.7,8.3,11.4,0,4.3,11.8,18.1,0.1,0,0.1,0.16,3.1,0.4,3.5,0.1
57,Christian Braun,SG,21,DEN,76,1181,10.3,0.568,0.332,0.221,4.8,12.6,8.8,6.4,1.7,1.3,9.9,13,0.7,1.2,1.9,0.079,-2.5,0.1,-2.4,-0.1
58,Mikal Bridges,SF-SG,26,TOT,83,2963,16.8,0.587,0.349,0.279,2.9,10.8,6.8,13.7,1.5,1.8,8.2,22.6,4.4,3.1,7.5,0.121,1.5,0.2,1.7,2.8
58,Mikal Bridges,SF,26,PHO,56,2040,14.8,0.574,0.342,0.228,3,10.4,6.6,14.1,1.6,2,8.5,19.2,2.7,2.2,4.9,0.116,0.4,0.6,1,1.6
58,Mikal Bridges,SG,26,BRK,27,923,21.3,0.607,0.36,0.356,2.9,11.7,7.4,12.9,1.4,1.5,7.8,30.3,1.7,0.8,2.5,0.133,4,-0.8,3.3,1.2
59,Oshae Brissett,PF,24,IND,65,1083,10.6,0.52,0.486,0.455,6.4,16,11.2,5.4,1.4,1,8.2,16.1,0.4,0.7,1.1,0.05,-2,-1.2,-3.2,-0.3
60,Malcolm Brogdon,PG,30,BOS,67,1744,18.2,0.615,0.406,0.251,2.7,14.7,8.8,21.5,1.3,0.9,10.8,22.8,3.6,2.2,5.8,0.161,2.3,0.6,2.8,2.1
61,Dillon Brooks,SF,27,MEM,73,2214,9.4,0.494,0.443,0.155,2.2,9.5,5.8,11.7,1.4,0.7,8.9,21.8,-0.8,2.4,1.6,0.034,-3.4,-0.5,-3.9,-1.1
62,Bruce Brown,SF,26,DEN,80,2280,13.3,0.571,0.343,0.206,3.3,13,8.3,15.7,1.9,2,13.2,17.8,1.7,2.6,4.3,0.09,-1.1,0.6,-0.5,0.9
63,Greg Brown III,PF,21,POR,16,93,5.8,0.421,0.25,0.429,2.5,21.2,11.7,4.5,2.1,4.8,15.3,18.4,-0.3,0.1,-0.1,-0.074,-8.5,0,-8.5,-0.2
64,Jaylen Brown,SF,26,BOS,67,2405,19.1,0.581,0.352,0.249,3.6,17,10.4,16.5,1.5,0.9,11.4,31.4,1.6,3.4,5,0.1,1.5,-0.2,1.3,2
65,Kendall Brown,SG,19,IND,6,40,9.1,0.571,0.143,0.286,5.6,11.1,8.3,9.7,4.7,0,20.2,10.4,0,0.1,0.1,0.071,-7,4,-2.9,0
66,Moses Brown,C,23,TOT,36,294,22.2,0.607,0,0.75,22,30.9,26.5,2.1,0.7,4.2,10.5,21.2,0.7,0.4,1.1,0.179,0.6,-1.2,-0.6,0.1
66,Moses Brown,C,23,LAC,34,288,22.7,0.607,0,0.75,22.4,31.5,27,2.2,0.5,4.3,9.9,21.5,0.7,0.4,1.1,0.185,0.9,-1.3,-0.4,0.1
66,Moses Brown,C,23,BRK,2,6,-2.6,,,,0,0,0,0,8.1,0,100,7.4,0,0,0,-0.129,-12.7,2.8,-9.9,0
67,Sterling Brown,SF,27,LAL,4,24,7,0,0.5,0,13.9,21.6,17.8,9.4,5.9,0,0,7,0,0.1,0,0.04,-7.7,4.3,-3.3,0
68,Troy Brown Jr.,SF,23,LAL,76,1860,9.6,0.561,0.604,0.084,3.7,13.7,8.9,6.6,1.5,0.7,9.2,12.1,1,2,2.9,0.075,-1.8,0.8,-1,0.5
69,Jalen Brunson,PG,26,NYK,68,2379,21.2,0.597,0.269,0.328,1.8,9.3,5.6,28.7,1.3,0.6,9.4,27.2,6.9,1.8,8.7,0.175,4.4,-0.5,3.9,3.5
70,Thomas Bryant,C,25,TOT,59,1081,19.7,0.682,0.16,0.341,8.9,24.6,17,4.3,0.7,2.4,8.2,18.2,2.7,1.4,4.1,0.183,1.1,-0.5,0.6,0.7
70,Thomas Bryant,C,25,LAL,41,876,21.5,0.712,0.166,0.359,8.5,25.1,17.1,5,0.8,2.2,7.4,18.2,2.7,1.2,3.8,0.211,2.4,-0.1,2.3,0.9
70,Thomas Bryant,C,25,DEN,18,205,11.8,0.547,0.132,0.265,11,22.4,16.8,1.3,0.5,3,11.6,18.2,0,0.2,0.3,0.066,-4.4,-2.2,-6.6,-0.2
71,Reggie Bullock,SF,31,DAL,78,2364,7.7,0.577,0.845,0.079,1.6,12.5,7,6.2,1.1,0.5,6.9,10,1.3,1.4,2.8,0.056,-2.3,-0.3,-2.6,-0.4
72,Alec Burks,SG,31,DET,51,1122,16.5,0.602,0.521,0.41,1.8,14.2,7.8,15.9,1.6,0.6,9.7,22.8,1.9,0.6,2.5,0.109,1.8,-0.5,1.2,0.9
73,Deonte Burton,PF,29,SAC,2,6,-12.6,0,0.5,0,0,0,0,0,0,0,0,14.3,0,0,0,-0.347,-13.9,-10.4,-24.2,0
74,Jared Butler,PG,22,OKC,6,77,13,0.578,0.438,0,1.4,4.3,2.8,15,3.1,0,13.5,20.1,0,0.1,0.1,0.061,-2.2,-0.4,-2.6,0
75,Jimmy Butler,PF,33,MIA,64,2138,27.6,0.647,0.116,0.625,7.5,13.3,10.3,27.1,2.7,1,8.2,25.6,9.4,2.9,12.3,0.277,6.7,2,8.7,5.8
76,John Butler,C,20,POR,19,221,5.7,0.411,0.66,0.075,1.5,7.3,4.4,6.5,1.5,3.6,1.8,11,-0.1,0.1,0,0.001,-5.4,-0.8,-6.2,-0.2
77,Jamal Cain,PF,23,MIA,18,240,16.5,0.647,0.303,0.333,7.1,18.7,12.7,7.6,2.3,0.4,7.3,15.1,0.5,0.3,0.8,0.169,-0.5,1.3,0.8,0.2
78,Kentavious Caldwell-Pope,SG,29,DEN,76,2381,11.5,0.598,0.505,0.198,1.7,8.1,5,9.8,2.3,1.3,11.1,14.1,2,2.5,4.5,0.091,-1.6,0.6,-1,0.6
79,Facundo Campazzo,PG,31,DAL,8,52,7.8,0.36,0.846,0.154,0,4.5,2.2,22.6,5.7,0,17.8,14.7,-0.1,0.1,0,-0.012,-4.8,3.6,-1.2,0
80,Vlatko Čančar,PF,25,DEN,60,889,11,0.606,0.507,0.181,3.2,13.1,8.3,11.5,1.2,1.4,13.1,13.8,0.9,0.8,1.7,0.093,-1.7,-0.1,-1.8,0
81,Clint Capela,C,28,ATL,65,1730,22.1,0.656,0.002,0.244,16.1,29.4,22.7,4.7,1.2,3.9,8.3,15.7,4.9,2.4,7.2,0.201,2.3,-0.1,2.2,1.8
82,Vernon Carey Jr.,C,21,WAS,11,28,10.8,0.338,0,0.25,12.4,30.6,21.8,13.3,3.5,6,18.4,16.9,-0.1,0.1,0,0.014,-7.1,2.1,-5,0
83,Jevon Carter,PG,27,MIL,81,1810,10.9,0.56,0.596,0.067,2.1,9.3,5.8,14.5,1.7,1.3,11.8,15.3,1.2,2.3,3.5,0.092,-1.9,1.2,-0.6,0.6
84,Wendell Carter Jr.,C,23,ORL,57,1690,17.3,0.621,0.367,0.318,8,25.3,16.6,12,0.9,1.9,13.2,20.5,2.6,2,4.6,0.13,0.9,0.1,1,1.3
85,Michael Carter-Williams,PG,31,ORL,4,44,9,0.498,0.214,0.5,2.6,10.3,6.4,22.6,1.1,2.2,19,20.6,0,0,0,-0.003,-5.1,-1.2,-6.3,0
86,Alex Caruso,PG,28,CHI,67,1575,11.5,0.588,0.528,0.255,3.1,10.9,7.1,15.4,3,2.8,19.5,11.1,1,2.6,3.6,0.109,-2.2,3.3,1.1,1.2
87,Julian Champagnie,SF,21,TOT,17,320,13.4,0.6,0.631,0.131,3.3,17.7,10.2,4.5,0.9,1.3,7.4,19.2,0.3,0.1,0.4,0.061,-0.6,-2.7,-3.3,-0.1
87,Julian Champagnie,SF,21,PHI,2,7,-3.8,0,0.5,0,0,0,0,0,7.1,0,0,12.8,0,0,0,-0.214,-12,-1.5,-13.5,0
87,Julian Champagnie,SF,21,SAS,15,313,13.8,0.609,0.633,0.133,3.4,18.1,10.5,4.6,0.8,1.3,7.5,19.3,0.3,0.1,0.4,0.067,-0.3,-2.7,-3,-0.1
88,Justin Champagnie,SF,21,TOT,5,34,10.3,0.367,0.333,0,9.6,17.1,13.1,16.3,1.4,0,0,19.2,0,0,0,0.009,-5.1,-2.8,-7.9,-0.1
88,Justin Champagnie,SF,21,TOR,3,11,28.9,1,0,0,9.6,33.3,20.6,15.3,0,0,0,11.6,0.1,0,0.1,0.332,6.1,1.9,8.1,0
88,Justin Champagnie,SF,21,BOS,2,23,1.5,0.208,0.417,0,9.6,9.3,9.5,16.7,2.1,0,0,22.8,-0.1,0,-0.1,-0.145,-10.5,-5.1,-15.5,-0.1
89,Kennedy Chandler,PG,20,MEM,36,281,10.6,0.44,0.181,0.157,3.4,10.9,7.2,26.4,2,1.6,16.9,15.8,-0.1,0.4,0.3,0.044,-3.3,0.6,-2.7,0
90,Max Christie,SG,19,LAL,41,512,7.4,0.566,0.585,0.151,1.5,13.8,7.8,5.1,0.8,1.2,10.3,10.4,0.1,0.5,0.6,0.058,-3.2,0,-3.1,-0.1
91,Josh Christopher,SG,21,HOU,64,786,11.5,0.523,0.271,0.182,2.8,7.2,5,14.3,2,1.9,14.4,21.9,-0.3,0.3,0,-0.001,-3,-1.4,-4.3,-0.5
92,Brandon Clarke,PF,26,MEM,56,1090,20,0.682,0.017,0.393,9,21.2,15.1,9.5,1.5,3.1,11.8,17.7,2.7,1.8,4.5,0.199,0.8,1.8,2.5,1.3
93,Jordan Clarkson,SG,30,UTA,61,1988,14.7,0.558,0.445,0.238,4,9.3,6.7,20.9,0.8,0.6,14,27.8,0.9,0.8,1.7,0.042,1,-2.4,-1.4,0.3
94,Nic Claxton,C,23,BRK,76,2271,20.8,0.691,0.003,0.419,9.3,25.1,17.4,9.3,1.4,7.1,12.1,15.4,5.2,4,9.2,0.195,0.9,2.2,3.1,2.9
95,Amir Coffey,SF,25,LAC,50,625,7,0.498,0.276,0.434,3.1,6.4,4.7,11.2,0.5,0.7,10.8,13.5,0.1,0.3,0.4,0.033,-4.3,-0.7,-5,-0.5
96,John Collins,PF,25,ATL,71,2130,13.6,0.593,0.339,0.252,3.9,20,11.9,5.3,0.9,2.9,9.1,17.1,2.1,2.1,4.2,0.095,-1.4,0.2,-1.3,0.4
97,Zach Collins,C,25,SAS,63,1441,16.4,0.599,0.268,0.259,8.5,22.5,15.2,18,1.2,2.8,17.4,21.2,1.2,1,2.2,0.074,-0.5,0.3,-0.2,0.6
98,Chance Comanche,C,26,POR,1,21,12.2,0.518,0,0.8,10.9,5.5,8.2,0,0,4.2,0,14,0,0,0,0.043,-2.6,-4.9,-7.5,0
99,Mike Conley,PG,35,TOT,67,2029,14.7,0.583,0.575,0.277,1.8,7.9,4.9,29.4,1.7,0.6,13.1,16.3,4.1,1.4,5.5,0.13,1,-0.1,0.9,1.5
99,Mike Conley,PG,35,UTA,43,1276,13.9,0.552,0.568,0.256,1.5,7.5,4.5,34,1.6,0.7,15.1,16.1,2.2,0.8,3,0.113,0.7,-0.5,0.2,0.7
99,Mike Conley,PG,35,MIN,24,753,16.1,0.631,0.587,0.311,2.4,8.6,5.6,21.5,1.8,0.5,9.8,16.8,1.8,0.7,2.5,0.158,1.5,0.6,2,0.7
100,Pat Connaughton,SF,30,MIL,61,1443,10,0.531,0.765,0.097,3.8,16.2,10.2,6.9,1.2,0.6,7,13.8,0.7,1.8,2.5,0.085,-1.3,0.3,-1,0.3
101,Xavier Cooks,PF,27,WAS,10,126,14.3,0.586,0.036,0.357,14.7,18.7,16.8,6.4,2.3,2.7,19.8,13.9,0.1,0.2,0.2,0.094,-3.2,-0.4,-3.6,-0.1
102,Robert Covington,PF,32,LAC,48,779,14.2,0.584,0.594,0.175,4.5,19.2,11.9,10.2,2.4,3.7,11.5,15.6,0.7,1.2,1.9,0.117,-0.5,2.1,1.7,0.7
103,Torrey Craig,PF,32,PHO,79,1948,11.6,0.566,0.506,0.09,8.1,16.3,12.1,7.9,1.3,2.9,12.3,13,1.5,2.5,4,0.098,-1.3,0.7,-0.6,0.7
104,Jae Crowder,PF,32,MIL,18,340,14.6,0.624,0.585,0.128,5.4,15.3,10.6,10.6,1.7,1.4,6.6,13.2,0.7,0.5,1.2,0.165,0.1,1.1,1.2,0.3
105,Jarrett Culver,SF,23,ATL,10,137,9.5,0.452,0.279,0.302,7.9,22.6,15.2,5.5,2.1,1.2,12.6,17.1,-0.1,0.2,0,0.014,-4.8,0.6,-4.2,-0.1
106,Cade Cunningham,PG,21,DET,12,400,14,0.492,0.272,0.192,3.2,17.7,10.3,30.7,1.2,1.5,13.8,30,-0.4,0.2,-0.1,-0.018,-0.1,-0.6,-0.7,0.1
107,Seth Curry,SG,32,BRK,61,1211,12.3,0.593,0.517,0.122,1.2,7.9,4.6,11.9,1.5,0.5,9.7,19.2,0.9,0.9,1.8,0.07,-1.2,-0.9,-2.1,0
108,Stephen Curry,PG,34,GSW,56,1941,24.1,0.656,0.564,0.248,2.3,16.8,9.7,30,1.3,0.9,12.5,31,5.8,2,7.8,0.192,7.5,0.1,7.5,4.7
109,Dyson Daniels,PG,19,NOP,59,1042,8.8,0.503,0.413,0.192,3.9,16.5,10.2,16.4,2,1,20.2,11.6,-0.1,1.4,1.3,0.061,-3.4,1.6,-1.8,0
110,Anthony Davis,C,29,LAL,56,1904,27.8,0.627,0.077,0.462,11.3,27.6,19.7,13,1.5,5.1,9.5,28.4,5.5,3.4,9,0.226,4.6,1.7,6.3,4
111,Johnny Davis,SG,20,WAS,28,423,7.2,0.446,0.409,0.158,2.7,13.9,8.5,9.2,1.2,1.6,8.5,20.5,-0.6,0.3,-0.3,-0.033,-5.8,-1.7,-7.4,-0.6
112,Terence Davis,SG,25,SAC,64,841,12.9,0.563,0.668,0.118,2.7,16.1,9.4,11.1,2.4,1.2,12.2,22.2,0,0.9,0.9,0.054,-1.3,-0.3,-1.5,0.1
113,JD Davison,SG,20,BOS,12,66,10.1,0.478,0.368,0.105,3.4,11.4,7.4,22.4,1.5,2.6,16.8,15.8,0,0.1,0.1,0.059,-4.5,0.4,-4.2,0
114,Darius Days,SF,23,HOU,4,25,18.3,0.582,0.833,0.167,4.3,22.2,13.2,6.2,0,3.9,0,21.4,0.1,0,0.1,0.156,4.7,-1.2,3.5,0
115,Dewayne Dedmon,C,33,TOT,38,426,15.5,0.577,0.258,0.325,9.1,28.3,18.5,9.5,1.1,4.4,12.7,20.6,0.3,0.7,1,0.115,-2.6,1,-1.6,0
115,Dewayne Dedmon,C,33,MIA,30,350,15.6,0.576,0.287,0.341,9.1,28.1,18.2,7.3,1,4.1,11.4,21.2,0.3,0.5,0.8,0.115,-2.4,0.6,-1.8,0
115,Dewayne Dedmon,C,33,PHI,8,76,15.5,0.579,0.091,0.227,9.5,29,19.4,19.6,1.3,6.1,19.9,17.8,0,0.1,0.2,0.113,-3.5,2.8,-0.7,0
116,Matthew Dellavedova,PG,32,SAC,32,213,6.7,0.443,0.54,0.14,0.5,6.4,3.5,23.4,1.6,0,15.9,12.7,0,0.1,0.1,0.021,-4.4,-0.8,-5.2,-0.2
117,DeMar DeRozan,SF,33,CHI,74,2682,20.6,0.592,0.109,0.401,1.5,12.8,7.2,22.3,1.5,1.3,9.1,27.8,5.4,3.2,8.5,0.153,1.7,0.3,2,2.6
118,Moussa Diabaté,C,21,LAC,22,195,14.2,0.546,0.043,0.34,18,10.8,14.4,2.8,1.8,3.6,14.3,14.1,0.2,0.2,0.4,0.105,-1.9,-0.8,-2.8,0
119,Mamadi Diakite,C,26,CLE,22,176,9,0.56,0.42,0.04,5.4,14.7,10,6.3,1.1,4.7,19.1,16,-0.1,0.3,0.2,0.051,-4.9,1.6,-3.4,-0.1
120,Hamidou Diallo,SF,24,DET,56,996,15.7,0.593,0.056,0.395,6.2,15.7,10.8,9.2,2.6,1.4,13.9,21.8,0.4,0.9,1.3,0.063,-1.8,0.4,-1.4,0.1
121,Gorgui Dieng,C,33,SAS,31,358,9.9,0.493,0.641,0.111,7.9,25.4,16.3,19.4,0.5,3.2,20.7,17.9,-0.2,0.2,0,0.001,-4,0.1,-3.9,-0.2
122,Ousmane Dieng,PF,19,OKC,39,569,9.3,0.505,0.541,0.127,3.5,16.5,9.9,10.7,1.2,1.1,12,15.9,-0.1,0.6,0.4,0.038,-3.1,-0.5,-3.6,-0.2
123,Spencer Dinwiddie,SG-PG,29,TOT,79,2725,16,0.573,0.467,0.314,1.2,10.2,5.7,28.1,1.2,0.8,10.8,22.1,4.5,1.8,6.3,0.111,1.6,-0.9,0.7,1.8
123,Spencer Dinwiddie,SG,29,DAL,53,1808,16.1,0.599,0.491,0.298,1.2,9.4,5.2,23.8,1.1,0.8,10.3,21.9,3.3,1,4.3,0.114,2,-1.2,0.9,1.3
123,Spencer Dinwiddie,PG,29,BRK,26,917,15.8,0.523,0.419,0.346,1.1,11.7,6.6,36.5,1.5,0.7,11.8,22.5,1.2,0.8,2,0.103,0.7,-0.5,0.2,0.5
124,Donte DiVincenzo,SG,26,GSW,72,1894,12.8,0.593,0.7,0.131,4.7,14,9.4,17.3,2.4,0.5,16.4,15.1,1.9,2.3,4.2,0.106,-0.6,1.3,0.7,1.3
125,Luka Dončić,PG,23,DAL,66,2391,28.7,0.609,0.373,0.479,2.6,25.4,13.8,42.3,1.9,1.2,11.9,37.6,7.3,2.9,10.2,0.204,7.6,1.4,8.9,6.6
126,Tyler Dorsey,SF,26,DAL,3,8,45.5,0.9,0.4,0,14.4,14.7,14.5,0,0,0,0,28.3,0.1,0,0.1,0.367,17,0.8,17.8,0
127,Luguentz Dort,SF,23,OKC,74,2272,11.3,0.513,0.468,0.297,5.9,10.4,8.1,9.2,1.6,0.9,8.5,19.8,0.9,2.1,2.9,0.062,-2,-1,-3,-0.6
128,Ayo Dosunmu,SG,23,CHI,80,2098,10.2,0.567,0.332,0.144,2.5,9.3,5.9,13.2,1.4,1.2,14,14.9,0.7,2.2,2.9,0.067,-3,0.6,-2.5,-0.2
129,Devon Dotson,PG,23,WAS,6,53,4.8,0.15,0.4,0,13.1,8.1,10.5,17.6,4.6,0,23.1,10.7,-0.1,0.1,0,-0.025,-7,1.8,-5.3,0
130,Jeff Dowtin,PG,25,TOR,25,259,9.9,0.5,0.281,0.158,2.4,8,5,15.5,1.7,1.1,7.6,10.9,0.2,0.2,0.4,0.076,-2.8,0.9,-1.9,0
131,PJ Dozier,SF,26,SAC,16,79,5.2,0.333,0.485,0,1.5,18.7,10.1,16.3,3.6,1.1,13.2,20.6,-0.3,0.1,-0.2,-0.097,-8.6,0.7,-7.8,-0.1
132,Goran Dragić,PG,36,TOT,58,870,10.3,0.514,0.433,0.134,2.1,8.2,5.2,24.3,0.7,0.4,15.1,21.1,-0.3,0.7,0.4,0.025,-2.1,-1.8,-3.9,-0.4
132,Goran Dragić,PG,36,CHI,51,787,10.2,0.514,0.428,0.137,1.9,7.9,5,24.7,0.7,0.5,15,21,-0.2,0.6,0.4,0.023,-2.1,-1.6,-3.7,-0.3
132,Goran Dragić,PG,36,MIL,7,83,11.4,0.516,0.472,0.111,3.9,10.9,7.5,20.2,1.2,0,15.6,22.7,0,0.1,0.1,0.037,-2.3,-2.9,-5.2,-0.1
133,Andre Drummond,C,29,CHI,67,849,20.8,0.606,0.011,0.456,18.7,40.2,29.6,5.7,2.6,3.1,18.6,21,0.8,2,2.8,0.159,-1.2,0.5,-0.8,0.3
134,Chris Duarte,SF,25,IND,46,897,8.6,0.496,0.523,0.216,2.4,11.9,7.1,9.7,1.3,0.9,10.1,19,-0.5,0.4,0,-0.003,-2.9,-1.6,-4.5,-0.6
135,David Duke Jr.,SG,23,BRK,23,228,8.3,0.497,0.154,0.218,5.5,8.7,7.1,13.1,2.1,0.4,17.4,20.1,-0.3,0.2,-0.1,-0.011,-6.3,-1,-7.3,-0.3
136,Kris Dunn,PG,28,UTA,22,568,19.1,0.606,0.167,0.245,1.7,17.1,9.5,32.3,2.1,1.5,12.8,20.2,1.3,0.6,1.9,0.162,0.7,1.7,2.4,0.6
137,Kevin Durant,PF,34,TOT,47,1672,25.9,0.677,0.267,0.387,1.2,19.5,10.5,24.5,1,3.4,13.4,30.7,4.7,2.1,6.8,0.194,6,1.2,7.1,3.9
137,Kevin Durant,PF,34,BRK,39,1403,26.2,0.673,0.257,0.39,1.1,19.4,10.5,25.9,1.1,3.5,13.7,31.5,3.9,1.7,5.7,0.194,5.8,1.2,7,3.2
137,Kevin Durant,PF,34,PHO,8,269,24.3,0.697,0.32,0.375,1.2,20.2,10.5,17.3,0.4,3.3,11.8,26.8,0.8,0.3,1.1,0.196,7.1,0.9,8,0.7
138,Jalen Duren,C,19,DET,67,1670,17.3,0.655,0.005,0.394,14.7,25.1,19.7,6.8,1.3,3.1,16.5,14.3,2.9,1.6,4.5,0.129,-0.4,-0.4,-0.8,0.5
139,Tari Eason,PF,21,HOU,82,1767,15.2,0.525,0.261,0.22,12,18.9,15.4,7.4,2.6,2.6,12.2,19.3,0.9,1.7,2.6,0.07,-1.3,-0.4,-1.7,0.1
140,Anthony Edwards,SG,21,MIN,79,2842,17.4,0.564,0.375,0.274,1.9,15.9,9,19.3,2.1,1.8,13,29.9,0.2,3.6,3.8,0.064,1,0,1,2.1
141,Kessler Edwards,SF,22,TOT,36,385,8.4,0.502,0.591,0.161,6.9,11.1,9,7.5,1.7,1.4,11.5,12.7,0.1,0.3,0.4,0.048,-3.2,-0.7,-3.9,-0.2
141,Kessler Edwards,SF,22,BRK,14,79,2.4,0.301,0.5,0.083,8.7,11.1,10,3.2,1.9,1.1,13.9,16.2,-0.3,0.1,-0.2,-0.108,-6.7,-3,-9.7,-0.2
141,Kessler Edwards,SF,22,SAC,22,306,10,0.569,0.623,0.188,6.4,11.1,8.8,8.5,1.7,1.4,10.8,11.7,0.3,0.2,0.6,0.088,-2.3,-0.1,-2.5,0
142,Keon Ellis,SG,23,SAC,16,71,14,0.629,0.75,0.438,6.5,6.4,6.4,10.5,3.4,1.2,5,12.1,0.2,0.1,0.2,0.162,-0.1,1.4,1.3,0.1
143,Joel Embiid,C,28,PHI,66,2284,31.4,0.655,0.151,0.581,5.9,28.3,17.3,22.9,1.4,4.6,11.9,37,8.4,3.9,12.3,0.259,6.8,2.3,9.2,6.4
144,Drew Eubanks,C,25,POR,78,1584,16.2,0.666,0.054,0.374,9.5,20.9,15.2,9.2,1.2,5.7,14.7,12.5,2.9,1.6,4.4,0.134,-0.9,0.9,0.1,0.8
145,Bruno Fernando,C,24,TOT,39,405,16.6,0.571,0.036,0.446,14.5,22.8,18.6,10.8,0.7,8.1,15.7,16.3,0.5,0.4,0.9,0.109,-2.8,0.7,-2,0
145,Bruno Fernando,C,24,HOU,31,364,16.1,0.561,0.011,0.473,14.3,22.6,18.4,11.6,0.8,8.3,15.1,15.1,0.5,0.4,0.8,0.111,-2.8,1.1,-1.7,0
145,Bruno Fernando,C,24,ATL,8,41,20.1,0.624,0.158,0.316,15.8,24.3,20,3.7,0,6.2,18.8,27.3,0,0,0.1,0.086,-2.6,-2.4,-5,0
146,Dorian Finney-Smith,PF,29,TOT,66,2009,9.2,0.523,0.675,0.118,6.5,11.5,9,6.7,1.4,1.6,10.5,13.2,0.6,1.6,2.1,0.051,-1.7,-0.3,-2,0
146,Dorian Finney-Smith,PF,29,DAL,40,1288,10,0.557,0.7,0.129,6,11.1,8.5,6.3,1.5,1.4,9.9,12.8,0.8,0.9,1.7,0.065,-0.9,-0.2,-1.1,0.3
146,Dorian Finney-Smith,PF,29,BRK,26,721,7.7,0.466,0.634,0.099,7.5,12.3,10,7.4,1.2,1.9,11.5,13.9,-0.3,0.7,0.4,0.027,-3.3,-0.4,-3.7,-0.3
147,Malachi Flynn,PG,24,TOR,53,691,8.7,0.479,0.55,0.136,2.3,10.8,6.2,13.7,1.5,0.6,8.9,17.4,0,0.5,0.5,0.034,-3.3,-0.8,-4.1,-0.4
148,Simone Fontecchio,SF,27,UTA,52,766,8,0.495,0.612,0.141,4.4,7.7,6.1,7.5,0.9,0.9,10.5,20.2,-0.4,0.3,-0.1,-0.004,-3,-2.1,-5.2,-0.6
149,Bryn Forbes,SG,29,MIN,25,268,6.2,0.497,0.554,0.181,1.7,4.5,3.1,8.2,1.2,0.7,11.8,16.2,-0.2,0.2,0,0,-4.8,-1.5,-6.3,-0.3
150,Trent Forrest,SG,24,ATL,23,277,6.1,0.424,0.033,0.05,2,12.8,7.3,16.5,1.2,0.6,19.7,11.6,-0.2,0.2,-0.1,-0.011,-5.3,0.2,-5.1,-0.2
151,Michael Foster Jr.,PF,20,PHI,1,1,0,,,,0,0,0,0,0,0,,0,0,0,0,0.01,-7.2,-1.9,-9.2,0
152,Evan Fournier,SG,30,NYK,27,459,6.9,0.471,0.687,0.127,1,10.8,5.9,10.6,1.7,0.6,11.2,18.4,-0.3,0.4,0.1,0.01,-4,0,-4,-0.2
153,De'Aaron Fox,PG,25,SAC,73,2435,21.8,0.599,0.276,0.331,1.9,12.4,7.2,29.6,1.6,0.8,10.6,30.1,5.5,1.8,7.4,0.146,3.4,-0.9,2.5,2.7
154,Markelle Fultz,PG,24,ORL,60,1778,16.6,0.564,0.128,0.211,4.4,10.5,7.4,29.8,2.4,1.4,15.8,21.3,1.7,2,3.7,0.1,-0.1,0.7,0.5,1.2
155,Wenyen Gabriel,C,25,LAL,68,1024,14.4,0.626,0.138,0.323,12.6,17.2,15,4.8,1.2,2.9,13.4,14.1,1.5,1.3,2.8,0.132,-2.3,0.1,-2.2,-0.1
156,Daniel Gafford,C,24,WAS,78,1604,19.7,0.739,0,0.473,11.7,18,15,7.5,1,5.2,15.1,15.2,4.2,1.9,6.1,0.184,0.4,0.6,1,1.2
157,Darius Garland,PG,23,CLE,69,2447,18.8,0.587,0.365,0.284,1.3,7.6,4.5,34.1,1.7,0.3,13.5,26.9,4.5,3,7.6,0.148,3.2,-0.7,2.4,2.7
158,Usman Garuba,C,20,HOU,75,970,12.9,0.569,0.333,0.266,13.4,21.4,17.4,8.8,2.2,2.9,19.2,10.5,0.9,0.9,1.8,0.091,-2,0.6,-1.4,0.2
159,Luka Garza,C,24,MIN,28,243,23,0.652,0.336,0.448,15.5,13.5,14.5,11.8,0.6,0.7,9.2,26.9,0.9,0.2,1.1,0.211,2.2,-2.6,-0.4,0.1
160,Rudy Gay,PF,36,UTA,56,816,9,0.475,0.453,0.171,4.4,17,10.8,9.4,1.1,1.9,10.7,17.7,-0.4,0.7,0.3,0.018,-3.6,-0.4,-4,-0.4
161,Paul George,SF,32,LAC,56,1939,19.6,0.588,0.424,0.293,2.6,17,9.9,24.2,2.1,0.9,13.4,29.5,2.3,2.3,4.6,0.114,2.4,0.3,2.8,2.3
162,Taj Gibson,C,37,WAS,49,480,11.4,0.585,0.192,0.336,7.7,13.6,10.8,9.6,1.5,2.1,15.3,15.3,0.4,0.5,0.8,0.082,-3.6,0.5,-3.2,-0.1
163,Josh Giddey,PF,20,OKC,76,2367,17.1,0.533,0.209,0.13,6.6,20.9,13.6,29.9,1.1,1.2,15.1,24.6,1.3,2.7,4,0.081,1.5,-0.3,1.2,1.9
164,Shai Gilgeous-Alexander,PG,24,OKC,68,2416,27.2,0.626,0.122,0.535,2.6,12.2,7.3,25.7,2.2,2.5,10.1,32.8,8.4,3,11.4,0.226,5.7,1.5,7.3,5.6
165,Anthony Gill,PF,30,WAS,59,624,11.1,0.604,0.22,0.508,6.9,10.6,8.8,7.2,0.5,1.6,8.5,12.3,1,0.4,1.3,0.101,-2.4,-0.9,-3.3,-0.2
166,Jacob Gilyard,PG,24,MEM,1,41,7.3,0.5,1,0,0,10.3,5.2,19.4,3.5,0,40,5.1,0,0.1,0.1,0.079,-7.8,1.7,-6.1,0
167,Rudy Gobert,C,30,MIN,70,2148,18.9,0.675,0.005,0.623,12.2,29.8,21.2,5.6,1.2,3.9,14.9,16.3,4.3,3.5,7.8,0.174,0,0.7,0.7,1.4
168,Jordan Goodwin,PG,24,WAS,62,1106,14.8,0.531,0.334,0.195,6,14.3,10.3,20.8,2.6,2,12.9,17.3,0.9,1.3,2.2,0.097,-0.7,1.4,0.7,0.8
169,Aaron Gordon,PF,27,DEN,68,2055,19.5,0.617,0.227,0.413,9.4,15.4,12.5,14.2,1.3,2.2,9.8,21.1,4.6,2.2,6.8,0.158,2.4,-0.3,2.1,2.1
170,Eric Gordon,SG,34,TOT,69,1965,11.8,0.587,0.545,0.265,0.9,6.7,3.8,13.4,1.1,1.2,12.5,17.8,1.8,0.5,2.3,0.056,-0.5,-1.4,-1.9,0.1
170,Eric Gordon,SG,34,HOU,47,1418,11.4,0.572,0.513,0.282,0.9,6.7,3.8,13.8,1,1.2,13.4,18.1,1,0.1,1.1,0.037,-0.9,-1.7,-2.6,-0.2
170,Eric Gordon,SG,34,LAC,22,547,13.1,0.629,0.634,0.217,0.8,6.7,3.8,12.2,1.2,1.3,9.9,17,0.8,0.4,1.2,0.105,0.5,-0.5,0,0.3
171,Devonte' Graham,PG,27,TOT,73,1338,12.5,0.552,0.784,0.304,1.6,8.7,5.1,19.4,1.6,1.1,9.8,17.1,1.5,1,2.5,0.091,0.1,-0.2,-0.1,0.6
171,Devonte' Graham,PG,27,NOP,53,811,11.8,0.545,0.823,0.255,1.7,8.4,5,18.7,1.8,1.2,9.5,15,0.9,0.9,1.8,0.105,-0.4,0.6,0.2,0.4
171,Devonte' Graham,PG,27,SAS,20,527,13.6,0.559,0.74,0.36,1.4,9.3,5.2,20.4,1.3,0.9,10.1,20.2,0.6,0.1,0.8,0.069,1,-1.4,-0.4,0.2
172,Jerami Grant,PF,28,POR,63,2246,16,0.606,0.393,0.375,2.7,11.9,7.2,10.3,1.1,2.1,9.8,22.8,3.1,1,4.1,0.087,1.2,-1.4,-0.2,1
173,RaiQuan Gray,PF,23,BRK,1,35,15.5,0.621,0.417,0.167,9.9,18.8,14.4,29,0,2.4,23.7,21.4,0,0,0.1,0.106,-0.6,-1.4,-2,0
174,A.J. Green,SG,23,MIL,35,345,11.5,0.607,0.84,0.032,1.9,11.3,6.8,8.7,0.8,0,6.6,16.6,0.5,0.3,0.8,0.111,-0.3,-0.6,-0.9,0.1
175,Danny Green,SG,35,TOT,11,138,10.8,0.617,0.755,0.02,2.5,9.1,5.8,6.1,2.2,2,16.8,18.9,0,0.2,0.2,0.059,-2.1,0.2,-1.9,0
175,Danny Green,SG,35,MEM,3,43,-0.2,0.409,0.727,0,2.5,7.4,4.9,5.6,1.1,0,21.4,13.5,-0.1,0,-0.1,-0.061,-7.9,-0.9,-8.8,-0.1
175,Danny Green,SG,35,CLE,8,95,15.8,0.676,0.763,0.026,2.5,9.9,6.2,6.4,2.6,2.9,15.4,21.4,0.1,0.2,0.2,0.114,0.5,0.7,1.2,0.1
176,Draymond Green,PF,32,GSW,73,2297,12.2,0.592,0.276,0.228,3.2,21.6,12.6,27.8,1.5,2.3,28.1,13.2,1.6,3.1,4.7,0.098,-1.8,2.6,0.8,1.6
177,Jalen Green,SG,20,HOU,76,2602,14.5,0.538,0.408,0.341,1.8,10.3,6,17.3,1.1,0.7,11.3,28.1,1.4,0.5,1.8,0.034,0.5,-2.6,-2.1,0
178,JaMychal Green,PF,32,GSW,57,797,15.5,0.65,0.44,0.266,10.1,18,14.1,8.9,1.5,2.5,15.6,17.5,1.2,1,2.2,0.133,-0.7,0.2,-0.5,0.3
179,Javonte Green,SF,29,CHI,32,480,14.5,0.646,0.324,0.417,6.5,14.2,10.4,6.4,2.4,4.2,13.5,13.6,0.6,0.8,1.4,0.142,-1.1,2.5,1.4,0.4
180,Jeff Green,PF,36,DEN,56,1091,11,0.576,0.317,0.357,4.1,10.9,7.6,8.3,0.8,1.4,10.8,17,0.8,0.8,1.7,0.074,-2.4,-1,-3.4,-0.4
181,Josh Green,SG,22,DAL,60,1539,11.2,0.645,0.442,0.246,4.1,9.7,6.9,9.7,1.4,0.3,14.5,14.6,1.7,0.9,2.6,0.082,-1.9,-0.6,-2.4,-0.2
182,AJ Griffin,SF,19,ATL,72,1401,12.6,0.577,0.486,0.088,2.9,9.2,6,7,1.4,0.7,7.1,17.9,1.3,0.9,2.2,0.075,-0.3,-0.5,-0.8,0.4
183,Blake Griffin,C,33,BOS,41,569,13.1,0.59,0.508,0.246,9.2,20.4,14.9,14.2,1.2,1.4,13.2,12.7,1,0.8,1.8,0.153,-1.4,1.5,0.1,0.3
184,Quentin Grimes,SG,22,NYK,71,2121,11.7,0.619,0.676,0.163,2.5,9.4,5.9,9.7,1.1,1.2,9.7,14.4,3.2,1.6,4.8,0.108,-0.3,0.1,-0.1,1
185,Rui Hachimura,PF,24,TOT,63,1466,13.2,0.556,0.274,0.204,4.1,16.5,10.5,5.8,0.6,1.5,7.7,20.2,0.6,1.3,1.8,0.06,-1.3,-1,-2.2,-0.1
185,Rui Hachimura,PF,24,WAS,30,728,13.6,0.558,0.275,0.179,3,16,9.8,7.3,0.7,1.4,9.3,23,0,0.5,0.6,0.038,-1.2,-1.4,-2.6,-0.1
185,Rui Hachimura,PF,24,LAL,33,738,12.7,0.553,0.273,0.235,5.1,17,11.2,4.4,0.5,1.6,5.6,17.4,0.5,0.7,1.2,0.081,-1.4,-0.5,-1.9,0
186,Tyrese Haliburton,PG,22,IND,56,1883,23.6,0.624,0.478,0.239,1.9,10.1,6,47.6,2.3,1.1,13.2,23.8,6.4,1.2,7.6,0.195,7,0.2,7.2,4.4
187,Jordan Hall,SF,21,SAS,9,83,5.5,0.438,0.536,0.321,3.8,12.3,7.9,17,0.6,0,18,19.4,-0.1,0,-0.1,-0.077,-4.7,-2.9,-7.6,-0.1
188,R.J. Hampton,SG,21,TOT,47,750,10.8,0.558,0.489,0.321,2.6,10.5,6.5,10.4,1.7,1.1,13.4,17.8,0.1,0.5,0.7,0.042,-2.3,-0.6,-2.9,-0.2
188,R.J. Hampton,SG,21,ORL,26,361,12.5,0.572,0.465,0.325,2.8,9.4,6.1,13.4,2.1,1.1,13.9,18,0.2,0.4,0.6,0.077,-1.5,0.3,-1.2,0.1
188,R.J. Hampton,SG,21,DET,21,389,9.3,0.546,0.512,0.317,2.5,11.5,6.8,7.5,1.4,1.1,13,17.6,-0.1,0.2,0.1,0.01,-3,-1.4,-4.4,-0.2
189,Tim Hardaway Jr.,SF,30,DAL,71,2152,12.1,0.554,0.649,0.195,1.1,12.6,6.8,9,1.1,0.5,6.1,20.6,1,1.3,2.3,0.051,-0.3,-1.5,-1.8,0.1
190,James Harden,PG,33,PHI,58,2135,21.6,0.607,0.496,0.429,2.3,17.1,9.8,43.3,1.6,1.4,16.3,25,5.8,2.6,8.4,0.188,5.1,0.3,5.4,4
191,Jaden Hardy,SG,20,DAL,48,708,14.6,0.571,0.468,0.237,1.8,13,7.3,14.9,1.2,0.9,11.1,26.4,0.2,0.5,0.7,0.048,-0.4,-1.9,-2.3,0
192,Ron Harper Jr.,PF,22,TOR,9,48,15.7,0.608,0.563,0.063,6.6,10.2,8.3,11.9,0,2,0,14.6,0.1,0,0.2,0.158,2.4,-1.2,1.2,0
193,Montrezl Harrell,C,29,PHI,57,681,17.6,0.631,0.029,0.483,11.8,15.7,13.8,7.4,1.2,3.4,12.1,18.9,1.3,0.8,2.2,0.153,-0.9,-0.4,-1.3,0.1
194,Gary Harris,SG,28,ORL,48,1184,10.5,0.62,0.71,0.098,2,7.4,4.7,6.9,1.8,1,8,12.6,1.3,1.1,2.3,0.095,-1.4,0.7,-0.7,0.4
195,Joe Harris,SF,31,BRK,74,1527,10.6,0.621,0.757,0.064,1.7,10.1,6,9.1,1.1,0.7,8.3,14.3,1.5,1.1,2.6,0.083,-0.6,-0.6,-1.1,0.3
196,Kevon Harris,SG,25,ORL,34,457,9.2,0.564,0.402,0.383,6.9,10.4,8.7,4.7,1.8,1.1,14.4,13.7,0.2,0.4,0.6,0.065,-3.5,-0.1,-3.6,-0.2
197,Tobias Harris,SF,30,PHI,74,2436,14.8,0.602,0.383,0.153,3.3,17,10.3,11.4,1.4,1.5,9,18.2,3.1,2.8,5.9,0.116,0.6,0.1,0.7,1.7
198,Shaquille Harrison,SG,29,POR,5,120,17.9,0.516,0.278,0.417,1,20.3,10.5,34.9,4.5,1.5,12.3,17.6,0.2,0.2,0.3,0.137,-2.5,2.6,0.1,0.1
199,Josh Hart,SF,27,TOT,76,2454,14.1,0.622,0.315,0.338,6.5,21,13.7,16.1,1.8,0.8,16.4,12.6,3.8,2.2,6,0.118,-0.2,1.1,0.9,1.8
199,Josh Hart,SF,27,POR,51,1704,12.7,0.586,0.309,0.328,6.4,21.9,14.1,16,1.5,0.5,16,12.6,2,1.2,3.2,0.091,-0.9,0.7,-0.2,0.8
199,Josh Hart,SF,27,NYK,25,750,17.1,0.703,0.331,0.363,6.9,19,12.9,16.2,2.2,1.5,17.3,12.6,1.8,1,2.8,0.179,1.4,2,3.4,1
200,Isaiah Hartenstein,C,24,NYK,82,1626,14.2,0.567,0.113,0.217,14.1,22.2,18.1,8.3,1.6,3.7,15.6,11.2,2.2,2.4,4.6,0.136,-1.5,1.2,-0.3,0.7
201,Udonis Haslem,C,42,MIA,7,71,6.2,0.433,0.31,0.172,6.4,12,9.1,0,0.7,2.9,3.1,20.1,-0.1,0.1,0,-0.009,-8.2,-3.9,-12.1,-0.2
202,Sam Hauser,SF,25,BOS,80,1290,12.7,0.634,0.846,0.043,3,14.1,8.6,7.6,1.1,1.4,6.9,14.7,1.8,1.6,3.4,0.128,0.6,0.4,1,1
203,Jaxson Hayes,C,22,NOP,47,610,13.7,0.605,0.186,0.532,7.3,17.3,12.3,7.7,1.6,3,13.9,15.7,0.6,0.9,1.5,0.118,-2.2,1,-1.2,0.1
204,Killian Hayes,PG,21,DET,76,2154,10.2,0.455,0.351,0.137,1.4,10.2,5.7,32.3,2.3,1.1,16.7,20.5,-1.9,1.4,-0.5,-0.012,-3.3,-0.5,-3.8,-1
205,Gordon Hayward,SF,32,CHO,50,1577,13.5,0.563,0.275,0.274,2.2,12.6,7.3,19.3,1.3,0.7,13.2,20,0.8,1.1,2,0.059,-1.1,-0.3,-1.4,0.2
206,Juancho Hernangómez,PF,27,TOR,42,614,7.6,0.504,0.588,0.14,4.6,19.1,11.3,5.2,1.3,0.9,11,9.4,0.1,0.6,0.7,0.053,-3.5,0.2,-3.3,-0.2
207,Willy Hernangómez,C,28,NOP,38,458,20.7,0.61,0.065,0.615,14.4,30.1,22.3,10.7,1.8,2.7,15.4,23.8,0.8,0.8,1.6,0.171,-0.2,0.5,0.3,0.3
208,Tyler Herro,SG,23,MIA,67,2337,15.3,0.566,0.484,0.164,1.3,17.3,9,19.9,1.1,0.7,11.7,25.6,1.1,2.4,3.5,0.072,1.5,-0.8,0.6,1.6
209,Buddy Hield,SF,30,IND,80,2482,15.4,0.614,0.652,0.124,3,14.9,8.9,13.3,1.8,0.9,11.3,20.8,2.7,1.6,4.4,0.085,2.5,-0.6,1.9,2.4
210,Haywood Highsmith,PF,26,MIA,54,969,8.5,0.517,0.505,0.13,6.7,16.4,11.4,6.2,1.9,1.8,16.5,12.5,-0.3,1.3,0.9,0.046,-3.7,0.7,-3.1,-0.3
211,George Hill,PG-SG,36,TOT,46,834,10.6,0.61,0.572,0.331,2,8.6,5.4,16.7,1.5,0.6,15.2,11.3,1.1,0.8,1.9,0.107,-2.4,0.9,-1.5,0.1
211,George Hill,PG,36,MIL,35,668,9.8,0.575,0.561,0.348,2.1,8.1,5.2,16.8,1.4,0.4,15.1,11.3,0.7,0.7,1.4,0.1,-2.8,1.2,-1.7,0
211,George Hill,SG,36,IND,11,166,14.1,0.751,0.618,0.265,1.3,10.7,6,16.7,2,1.6,15.6,11.4,0.4,0.1,0.5,0.136,-0.6,0,-0.6,0.1
212,Malcolm Hill,SF,27,CHI,5,9,15.4,0.625,0.75,0,0,37.2,18.9,0,0,0,0,19.7,0,0,0,0.125,1.6,0.8,2.4,0
213,Aaron Holiday,PG,26,ATL,63,845,9.4,0.528,0.4,0.145,3.2,6.4,4.8,13,2.1,1.2,13.3,13.4,0.3,0.6,0.9,0.053,-2.9,0.9,-2,0
214,Jrue Holiday,PG,32,MIL,67,2183,19.2,0.586,0.402,0.173,3.9,12,8.1,34.4,1.7,0.9,15.2,25,3.9,2.8,6.7,0.148,3,0.1,3.1,2.8
215,Justin Holiday,SF,33,TOT,46,706,6.6,0.494,0.701,0.039,0.8,8.1,4.4,7.5,1.3,2.3,9.6,14.1,-0.4,0.5,0.1,0.008,-3.7,-0.1,-3.9,-0.3
215,Justin Holiday,SF,33,ATL,28,411,6.1,0.504,0.696,0,0.5,5.7,3.1,7.6,0.6,2.1,8.8,14,-0.1,0.2,0.1,0.007,-3.1,-0.6,-3.7,-0.2
215,Justin Holiday,SF,33,DAL,18,295,7.4,0.479,0.709,0.101,1.2,11.6,6.3,7.5,2.4,2.7,10.8,14.2,-0.3,0.3,0.1,0.009,-4.6,0.5,-4.1,-0.2
216,Richaun Holmes,C,29,SAC,42,348,12.9,0.668,0.09,0.213,9.6,16.6,13.1,3.5,0.4,2.8,12.6,13.7,0.6,0.3,0.8,0.113,-2,-0.9,-2.9,-0.1
217,Al Horford,C,36,BOS,63,1922,13.8,0.631,0.678,0.044,4.2,17.7,11.1,13.2,0.8,2.7,7,11.9,3.6,2.7,6.3,0.157,1.6,1.7,3.3,2.5
218,Talen Horton-Tucker,SG,22,UTA,65,1313,13.7,0.508,0.331,0.274,3.4,13.7,8.6,27.4,1.5,1.9,15.5,25.9,-0.3,1.1,0.8,0.029,-1.1,-0.5,-1.6,0.2
219,Danuel House Jr.,SF,29,PHI,56,807,9.4,0.6,0.558,0.305,1.3,12.2,6.9,7.5,0.9,1,10.4,13.8,0.6,0.7,1.3,0.075,-2.5,-0.5,-3,-0.2
220,Caleb Houstan,SF,20,ORL,51,812,6.2,0.508,0.747,0.099,4.7,9.1,6.9,4.9,0.7,0.8,8.7,11,0.1,0.5,0.7,0.039,-3.1,-0.9,-4,-0.4
221,Trevor Hudgins,PG,23,HOU,5,28,4.2,0.436,0.889,0.333,0,0,0,13.9,0,0,8.8,16.8,0,0,0,-0.035,-3.8,-4.7,-8.4,0
222,Kevin Huerter,SG,24,SAC,75,2203,15.2,0.617,0.589,0.151,2.2,10.8,6.5,14.1,1.7,1,9.5,19.9,3.3,1.7,4.9,0.107,1.4,-0.3,1,1.7
223,Jay Huff,C,24,WAS,7,95,22.3,0.796,0.48,0.64,7.3,16.9,12.3,14.7,1.5,3.6,13.5,16.9,0.4,0.1,0.5,0.261,2.8,1.2,4,0.1
224,De'Andre Hunter,SF,25,ATL,67,2126,11.5,0.563,0.348,0.252,2.3,12.4,7.3,6,0.8,0.7,8.2,19.7,1.4,1.2,2.5,0.057,-1.9,-1.4,-3.3,-0.7
225,Bones Hyland,PG,22,TOT,56,1085,14.9,0.535,0.552,0.179,2.1,11.8,7.1,23.4,1.8,1.2,11.7,28,0.3,1.1,1.4,0.062,0.4,-1.2,-0.8,0.3
225,Bones Hyland,PG,22,DEN,42,820,14.5,0.54,0.555,0.189,1.4,10.4,6,22,1.7,1.4,12.5,28.5,0.1,0.8,0.9,0.051,0.6,-1.4,-0.8,0.3
225,Bones Hyland,PG,22,LAC,14,265,16.4,0.518,0.54,0.146,4.3,16.3,10.4,27.6,2,0.7,9.3,26.5,0.2,0.3,0.5,0.094,-0.2,-0.7,-0.9,0.1
226,Serge Ibaka,C,33,MIL,16,185,9.8,0.553,0.333,0.241,8.8,15.7,12.4,2.9,0.5,3.1,15.6,16.1,0,0.2,0.2,0.058,-4.6,0,-4.5,-0.1
227,Andre Iguodala,PF,39,GSW,8,113,7.3,0.521,0.6,0.2,3,13.4,8.3,20.3,1.7,2.3,35.5,9.4,0,0.1,0.1,0.044,-4.3,1.7,-2.5,0
228,Joe Ingles,SF,35,MIL,46,1044,10.7,0.616,0.819,0.085,1.4,11.1,6.4,18.4,1.5,0.5,17.6,12.6,1.1,1.2,2.3,0.107,-1.6,0.8,-0.7,0.3
229,Brandon Ingram,SF,25,NOP,45,1538,19.2,0.582,0.196,0.326,1.7,16.4,9.1,28.1,1,1.2,13.4,30.8,1.8,1.7,3.5,0.108,2.2,-0.4,1.7,1.4
230,Kyrie Irving,PG-SG,30,TOT,60,2241,22.4,0.613,0.412,0.227,3,12.3,7.7,25.4,1.4,1.7,8.8,28.9,5.4,2,7.4,0.159,4.8,-0.7,4.1,3.5
230,Kyrie Irving,PG,30,BRK,40,1478,21.6,0.604,0.425,0.219,3,12.3,7.8,24.1,1.4,1.9,9.2,29.7,2.9,1.4,4.3,0.14,4.6,-0.8,3.8,2.2
230,Kyrie Irving,SG,30,DAL,20,763,24,0.634,0.385,0.245,3.2,12.2,7.6,27.8,1.6,1.4,8,27.4,2.5,0.6,3.1,0.198,5.3,-0.4,4.9,1.3
231,Jonathan Isaac,PF,25,ORL,11,124,20.3,0.483,0.283,0.17,13.7,26.5,20.1,7.3,5.5,3.1,6.6,21.1,0,0.3,0.3,0.13,1,3,4,0.2
232,Jaden Ivey,SG,20,DET,74,2304,12.1,0.528,0.356,0.362,3.4,10.7,6.9,26.2,1.3,0.7,17.2,25.4,-0.9,0.8,0,-0.001,-1.4,-1.9,-3.3,-0.7
233,Frank Jackson,PG,24,UTA,1,5,-6.8,0,0.333,0,21.9,21.3,21.6,22.7,0,0,0,25.1,0,0,0,-0.378,-12.5,-9.8,-22.2,0
234,Isaiah Jackson,C,21,IND,63,1042,17.5,0.595,0.044,0.459,12.1,18,15,7,1.4,7.7,11.8,17.4,1.5,1.2,2.7,0.124,-1.7,0.9,-0.8,0.3
235,Jaren Jackson Jr.,C,23,MEM,63,1787,21.6,0.613,0.343,0.372,6.4,18.8,12.6,5,1.7,9.6,10.1,24.7,2.8,3.8,6.6,0.177,0.7,2,2.8,2.2
236,Justin Jackson,SF,27,BOS,23,107,6.3,0.359,0.741,0.074,2.1,15.1,8.7,10.5,1.8,3.2,6.7,12.2,-0.1,0.2,0.1,0.025,-4.2,1.6,-2.6,0
237,Quenton Jackson,PG,24,WAS,9,135,12.2,0.542,0.286,0.524,1.7,4.8,3.3,15.1,1.4,0.6,7.2,17.9,0.1,0.1,0.2,0.078,-3.7,-1.5,-5.1,-0.1
238,Reggie Jackson,PG,32,TOT,68,1657,10,0.514,0.45,0.122,1.7,8,4.9,20,1.4,0.3,14.6,20.8,-0.6,1.2,0.6,0.018,-2.9,-1.1,-3.9,-0.8
238,Reggie Jackson,PG,32,LAC,52,1338,10.3,0.523,0.43,0.129,1.9,7.8,4.9,19.8,1.4,0.3,15.1,20.8,-0.4,1,0.6,0.02,-2.6,-1,-3.7,-0.6
238,Reggie Jackson,PG,32,DEN,16,319,9,0.476,0.531,0.094,1.1,8.8,5,20.9,1.4,0.3,12.5,20.8,-0.2,0.2,0.1,0.008,-3.8,-1.3,-5.1,-0.3
239,LeBron James,PF,38,LAL,55,1954,23.9,0.583,0.309,0.268,3.7,20.8,12.5,33.5,1.2,1.4,11.6,33.3,3.2,2.4,5.6,0.138,5.5,0.6,6.1,4
240,Ty Jerome,SG,25,GSW,45,816,12.8,0.594,0.372,0.169,1,9.4,5.3,22.1,1.3,0.5,10.3,14.9,1.4,0.7,2.1,0.124,-1.1,0.3,-0.8,0.3
241,Isaiah Joe,SG,23,OKC,73,1395,14.5,0.626,0.776,0.197,2,11.6,6.7,8.7,1.6,0.5,6.6,17.7,2.5,1.3,3.8,0.131,1.3,-0.4,0.9,1
242,Alize Johnson,PF,26,SAS,4,30,4.3,0.509,0.333,0.333,7,30.3,18.2,4.2,1.6,0,36.8,15,-0.1,0,-0.1,-0.099,-7.4,-1.7,-9.1,-0.1
243,Cameron Johnson,PF,26,TOT,42,1199,17.1,0.617,0.538,0.253,3.2,14,8.6,9.6,2,1,6.6,20.6,2.1,1.4,3.5,0.142,2,0.6,2.6,1.4
243,Cameron Johnson,PF,26,PHO,17,429,17.4,0.629,0.572,0.191,3.5,13.4,8.4,8.9,1.7,1.3,5.1,19.6,0.9,0.5,1.4,0.161,3.2,0.6,3.8,0.6
243,Cameron Johnson,PF,26,BRK,25,770,16.9,0.61,0.518,0.289,3,14.3,8.8,10,2.2,0.9,7.4,21.1,1.2,0.9,2.1,0.131,1.4,0.6,2,0.8
244,Jalen Johnson,SF,21,ATL,70,1042,14.1,0.554,0.323,0.242,5.3,24.6,14.8,10.4,1.7,2.8,10.3,16,0.8,1.3,2.1,0.099,-1.2,1.5,0.3,0.6
245,James Johnson,PF,35,IND,18,162,8.4,0.486,0.306,0.163,2.7,17.8,10.3,12.6,2.1,3.2,13.2,15.7,-0.1,0.2,0.1,0.017,-5.7,1.2,-4.4,-0.1
246,Keldon Johnson,SF,23,SAS,63,2063,15.3,0.551,0.366,0.294,2.9,14.4,8.4,13.7,1.1,0.4,9.6,27.9,0.7,0.5,1.3,0.03,0.7,-2.5,-1.8,0.1
247,Keon Johnson,SG,20,POR,40,416,9,0.482,0.455,0.23,3,9.2,6.1,20.9,2.2,1.3,18,25,-0.7,0.2,-0.5,-0.057,-3.8,-1.6,-5.4,-0.4
248,Stanley Johnson,SF,26,SAS,30,469,13.5,0.625,0.328,0.32,4.9,17.7,11.1,19,1.6,1.1,19.2,15.2,0.5,0.3,0.7,0.076,-0.8,-0.2,-1,0.1
249,Nikola Jokić,C,27,DEN,69,2323,31.5,0.701,0.146,0.406,8.5,31.3,20.2,46.6,1.8,1.8,17,27.2,11.2,3.8,14.9,0.308,8.5,4.5,13,8.8
250,Carlik Jones,PG,25,CHI,7,56,11.1,0.54,0.4,0.533,2.1,8,5.1,13.9,1.7,0,9.7,16.2,0,0.1,0.1,0.078,-2.8,0.4,-2.5,0
251,Damian Jones,C,27,TOT,41,477,12.9,0.719,0.198,0.337,9.7,17.7,13.8,4.1,0.8,3.7,18.9,10.7,0.7,0.5,1.2,0.119,-2,0.3,-1.7,0
251,Damian Jones,C,27,LAL,22,176,13.8,0.6,0.081,0.541,11.3,21.8,16.7,2.9,0.8,5.8,16.4,13.2,0.2,0.3,0.4,0.117,-2.6,0.7,-2,0
251,Damian Jones,C,27,UTA,19,301,12.4,0.821,0.286,0.184,8.7,15.2,12,4.8,0.8,2.5,20.9,9.3,0.5,0.2,0.8,0.12,-1.7,0.2,-1.5,0
252,Derrick Jones Jr.,PF,25,CHI,64,893,13.8,0.597,0.348,0.365,7.7,11.6,9.7,5.1,1.6,4,8.6,14.5,1.2,1.2,2.4,0.131,-1.2,0.8,-0.4,0.3
253,Herbert Jones,PF,24,NOP,66,1951,12.1,0.567,0.333,0.321,5.6,10,7.8,11.1,2.6,2.1,13.3,14.5,1.5,2.7,4.2,0.104,-1.9,1.7,-0.3,0.8
254,Kai Jones,C,22,CHO,46,550,10.8,0.597,0.158,0.217,7,17,11.9,3.7,1.5,4.7,19.1,12.4,0,0.7,0.7,0.062,-4.8,0.8,-4,-0.3
255,Tre Jones,PG,23,SAS,68,1984,16,0.534,0.213,0.231,3,10.8,6.7,31.5,2.1,0.4,11.8,19.3,2.6,0.8,3.4,0.082,-0.2,-0.8,-1,0.5
256,Tyus Jones,PG,26,MEM,80,1940,16,0.546,0.459,0.141,1.5,9.4,5.5,28.8,2,0.3,8.9,17.7,3.4,2.3,5.7,0.141,1.2,0.3,1.6,1.7
257,DeAndre Jordan,C,34,DEN,39,586,14.7,0.731,0.009,0.417,10.5,28.6,19.8,7.7,1,3.5,26.1,13.7,0.5,0.9,1.4,0.112,-2.4,0.7,-1.8,0
258,Cory Joseph,PG,31,DET,62,1227,12.1,0.558,0.513,0.205,1.8,7.9,4.8,25.4,1.3,0.6,12.8,15.2,1.5,0.3,1.8,0.07,-0.7,-0.8,-1.5,0.2
259,Nikola Jović,PF,19,MIA,15,204,10.6,0.53,0.507,0.275,5,13.1,8.9,7.3,1.7,1,11.4,19,0,0.2,0.2,0.053,-3.4,0,-3.4,-0.1
260,Johnny Juzang,SG,21,UTA,18,232,6.5,0.411,0.606,0.038,3.8,14.3,9.1,4.7,0.8,1.1,2.8,19.6,-0.3,0.1,-0.2,-0.032,-4.3,-2.2,-6.5,-0.3
261,Mfiondu Kabengele,PF,25,BOS,4,36,8.1,0.381,0.429,0.286,15.4,14.9,15.2,0,2.7,0,11.3,10.8,0,0.1,0.1,0.067,-6.6,-2.4,-8.9,-0.1
262,Frank Kaminsky,C,29,TOT,36,235,15.3,0.635,0.524,0.254,3.2,21.2,12.1,17.8,1.2,1.6,11.4,14.1,0.5,0.2,0.7,0.141,1.2,1.7,2.8,0.3
262,Frank Kaminsky,C,29,ATL,26,176,14.9,0.72,0.523,0.273,1.8,20.8,11.2,15.3,1.4,0.5,15.4,13.9,0.4,0.2,0.5,0.148,0.7,1.8,2.6,0.2
262,Frank Kaminsky,C,29,HOU,10,59,16.6,0.434,0.526,0.211,7.4,22.6,14.9,25.2,0.8,5,0,14.6,0.1,0,0.2,0.122,2.5,1.2,3.7,0.1
263,Trevor Keels,SG,19,NYK,3,8,3.7,0.375,1,0,0,27.6,13.7,0,0,0,0,21.4,0,0,0,-0.062,-7.4,-5.6,-13,0
264,Luke Kennard,SG,26,TOT,59,1315,13,0.684,0.704,0.102,1.2,11.8,6.6,9.4,1.2,0.3,10.3,14.5,2.2,1.2,3.4,0.124,0.6,-0.1,0.5,0.8
264,Luke Kennard,SG,26,LAC,35,725,10.5,0.623,0.626,0.095,0.9,11.8,6.4,7.1,1.3,0.5,12,15,0.5,0.6,1.1,0.07,-1.4,0,-1.4,0.1
264,Luke Kennard,SG,26,MEM,24,590,16,0.758,0.801,0.111,1.6,11.8,6.7,12.1,1,0.2,8.2,13.7,1.7,0.6,2.3,0.189,3,-0.2,2.9,0.7
265,Walker Kessler,C,21,UTA,74,1703,21.5,0.702,0.007,0.384,14.9,24.4,19.7,5.7,0.7,8.6,10.7,13.3,4.6,2.5,7.1,0.2,1.4,1.5,2.9,2.1
266,Braxton Key,SF,25,DET,3,9,18.6,1.064,0,2,0,12.7,6.2,0,0,0,0,8.9,0,0,0,0.242,2.1,0.8,2.9,0
267,Louis King,PF,23,PHI,1,29,21.3,0.744,0.615,0.077,8.3,8,8.1,12.2,1.7,0,13,23.8,0.1,0,0.1,0.157,3.3,-1,2.3,0
268,Corey Kispert,SF,23,WAS,74,2093,11.5,0.657,0.656,0.15,1.8,8.9,5.5,5.7,0.7,0.4,8.1,14.1,2.9,0.9,3.8,0.088,-0.1,-1.4,-1.5,0.2
269,Maxi Kleber,PF,31,DAL,37,930,8.7,0.592,0.663,0.225,3.7,13.3,8.4,7.5,0.6,2.9,12.7,10.3,0.7,0.6,1.3,0.067,-2.2,0,-2.2,0
270,Nathan Knight,C,25,MIN,38,291,14.5,0.655,0.272,0.704,8.6,12.8,10.8,6.1,1.6,1.8,16.5,18.7,0.4,0.3,0.7,0.116,-2.4,-0.8,-3.2,-0.1
271,Kevin Knox,SF-PF,23,TOT,63,952,11.1,0.579,0.56,0.181,3.9,17.3,10.5,5.2,1.2,1.1,12.2,18.4,0.2,0.5,0.7,0.034,-2.1,-1.4,-3.5,-0.4
271,Kevin Knox,SF,23,DET,42,593,10.3,0.612,0.648,0.184,3.6,17,10.1,3.7,1.1,1.8,14.2,16.2,0.2,0.3,0.5,0.043,-2.1,-0.6,-2.8,-0.1
271,Kevin Knox,PF,23,POR,21,359,12.4,0.54,0.458,0.176,4.4,17.7,11,7.7,1.4,0,9.8,22.1,0,0.2,0.1,0.019,-2,-2.7,-4.6,-0.2
272,Christian Koloko,C,22,TOR,58,802,11.4,0.517,0.08,0.393,11.1,13.3,12.1,5,1.3,6.9,10.2,10.4,0.7,1,1.7,0.104,-4.3,0.8,-3.5,-0.3
273,John Konchar,SF,26,MEM,72,1494,10.8,0.542,0.553,0.113,4.5,17.4,11,8.2,2.4,1.5,9.9,10.4,1,2.5,3.5,0.111,-1.9,2.4,0.5,0.9
274,Furkan Korkmaz,SG,25,PHI,37,353,9.3,0.552,0.414,0.324,2,11.8,7,8.8,1.4,0.8,15.9,19.1,-0.2,0.3,0.1,0.019,-3.3,-1,-4.4,-0.2
275,Luke Kornet,C,27,BOS,69,804,16.7,0.697,0.076,0.229,11.9,14.8,13.4,9.1,0.7,4.9,11.8,11.5,2.1,1.2,3.3,0.198,-0.4,1.3,1,0.6
276,Vit Krejci,PG,22,ATL,29,165,7.7,0.475,0.568,0.054,3.9,13.4,8.6,12.4,1.4,0.5,11.7,10.9,0,0.1,0.1,0.042,-4.2,0.6,-3.6,-0.1
277,Jonathan Kuminga,PF,20,GSW,67,1394,13.3,0.597,0.294,0.278,5.6,12.5,9.1,12.7,1.4,2,14.6,19.6,1,1.4,2.4,0.084,-1.7,-0.1,-1.7,0.1
278,Kyle Kuzma,PF,27,WAS,64,2239,14.3,0.544,0.421,0.208,2.8,19.5,11.5,16.5,0.8,1.1,13.2,27.9,-1,1.9,0.9,0.019,-0.2,-1.5,-1.7,0.2
279,Anthony Lamb,SF,25,GSW,62,1195,10.9,0.61,0.634,0.191,5.3,14.4,9.9,10.5,1.1,1.5,13.7,13.8,1.2,1.2,2.4,0.096,-1.6,0.4,-1.1,0.3
280,Jock Landale,C,27,PHO,69,979,16.4,0.595,0.249,0.312,13.2,18.6,15.8,10.1,0.8,2.7,13.3,19.3,1.5,1.2,2.7,0.132,-0.7,-0.4,-1.1,0.2
281,Romeo Langford,SG,23,SAS,43,844,10.4,0.524,0.236,0.216,7.1,7.7,7.4,7.9,1.3,1.3,9.6,15.4,0.3,0.2,0.5,0.029,-2.6,-1.5,-4.2,-0.5
282,Jake LaRavia,PF,21,MEM,35,414,6.7,0.531,0.747,0.095,4.9,11.3,8.1,6.2,1.4,0.9,15.4,11.7,0,0.5,0.5,0.054,-3.9,0.4,-3.5,-0.2
283,Zach LaVine,SG,27,CHI,77,2768,19,0.607,0.392,0.308,1.7,12.2,7.1,18.7,1.2,0.6,11,28.3,4.2,2.9,7.1,0.123,2.7,-0.7,1.9,2.7
284,A.J. Lawson,SG,22,TOT,15,108,13.9,0.589,0.568,0.182,6.4,16.3,11.3,3,0.9,0,5.9,21.1,0.1,0.1,0.1,0.063,-1.5,-2.9,-4.4,-0.1
284,A.J. Lawson,SG,22,MIN,1,2,34.4,1,0,0,0,54.9,27.9,0,0,0,0,21.4,0,0,0,0.377,-2.3,7.5,5.2,0
284,A.J. Lawson,SG,22,DAL,14,106,13.5,0.58,0.581,0.186,6.5,15.5,11,3,0.9,0,6.1,21.1,0.1,0.1,0.1,0.057,-1.5,-3.1,-4.6,-0.1
285,Damion Lee,SG,30,PHO,74,1506,10.7,0.607,0.546,0.23,2.8,14,8.3,8.9,1,0.4,13.5,16.3,1.1,1.4,2.6,0.081,-1.3,-0.4,-1.7,0.1
286,Saben Lee,PG,23,TOT,25,373,13.1,0.517,0.248,0.471,3.8,9.7,6.7,24.3,2.5,0.2,14.1,19.5,0.2,0.4,0.7,0.088,-2.7,0.9,-1.8,0
286,Saben Lee,PG,23,PHI,2,10,12.8,0.75,0.25,0,0,0,0,36.9,5,0,42.9,31.3,0,0,0,-0.096,-3.7,-0.6,-4.3,0
286,Saben Lee,PG,23,PHO,23,363,13.1,0.51,0.248,0.487,3.9,10,6.9,24,2.4,0.2,12.9,19.1,0.3,0.4,0.7,0.093,-2.7,0.9,-1.8,0
287,Alex Len,C,29,SAC,26,161,12.8,0.58,0.067,0.533,17.2,25.4,21.3,9.3,1.2,6,30.2,14.1,0.1,0.2,0.3,0.085,-4.9,0.9,-4,-0.1
288,Kawhi Leonard,SF,31,LAC,52,1748,23.9,0.623,0.287,0.32,3.7,17.8,10.8,19.6,2,1.4,8.1,27,4.9,2.2,7.1,0.194,5.1,0.9,6.1,3.5
289,Meyers Leonard,C,30,MIL,9,114,12,0.652,0.621,0.31,11.4,19.4,15.5,1.2,0.8,0,15.4,14.4,0.2,0.1,0.3,0.126,-2.8,-2.2,-5,-0.1
290,Caris LeVert,SG,28,CLE,74,2237,12.4,0.546,0.437,0.243,2.8,12.1,7.4,18,1.6,1,12.4,18.7,1.4,3.1,4.4,0.095,-1,0.8,-0.2,1
291,Kira Lewis Jr.,PG,21,NOP,25,235,14.5,0.584,0.386,0.25,2.4,13.5,8,14,2.1,0.8,9.3,19.7,0.3,0.3,0.6,0.122,-0.8,0.5,-0.3,0.1
292,Damian Lillard,PG,32,POR,58,2107,26.7,0.645,0.547,0.464,2.4,12.8,7.6,35,1.2,0.8,11.7,33.8,8.2,0.8,9,0.205,8.3,-1.2,7.1,4.9
293,Nassir Little,SF,22,POR,54,976,10.2,0.555,0.521,0.152,3.2,13.5,8.3,7.3,1,1.8,10,16,0.2,0.4,0.7,0.032,-1.6,-1.4,-3,-0.3
294,Isaiah Livers,PF,24,DET,52,1199,8.4,0.567,0.705,0.135,2.5,11,6.6,4.8,1.1,2.1,9,11.9,0.5,0.5,1,0.041,-2.1,-0.3,-2.4,-0.1
295,Kenneth Lofton Jr.,PF,20,MEM,24,176,20.2,0.572,0.183,0.29,11.5,19.2,15.4,18.1,1.3,1,10.3,27.6,0.3,0.2,0.5,0.145,0.7,-1.1,-0.4,0.1
296,Kevon Looney,C,26,GSW,82,1958,17.8,0.639,0.003,0.404,15.7,26.8,21.4,13.8,1.3,2.2,9.1,10.6,5.9,2.8,8.7,0.212,0.9,1.3,2.1,2
297,Brook Lopez,C,34,MIL,78,2373,18.4,0.63,0.405,0.211,7.2,15.3,11.4,6.1,0.7,6.7,9.8,19.3,4.1,3.9,8,0.161,0.8,1.3,2.1,2.5
298,Robin Lopez,C,34,CLE,37,299,11.6,0.675,0.053,0.24,9.1,11,10,9.1,0.3,2.5,23.2,16.1,0.2,0.3,0.6,0.094,-3.4,0.3,-3,-0.1
299,Kevin Love,PF,34,TOT,62,1240,13.1,0.548,0.698,0.215,5.5,32.6,18.9,13.2,0.6,0.9,13.1,19.2,0.6,2,2.6,0.099,0.2,0.4,0.6,0.8
299,Kevin Love,PF,34,CLE,41,821,13.6,0.555,0.684,0.221,6,34.2,20.1,12.8,0.4,0.8,13.1,19.6,0.5,1.4,1.9,0.112,0.8,0.6,1.4,0.7
299,Kevin Love,PF,34,MIA,21,419,12.3,0.535,0.727,0.201,4.6,29.6,16.6,14,1.1,1.2,13.2,18.5,0.1,0.6,0.7,0.075,-1,-0.1,-1.1,0.1
300,Kyle Lowry,PG,36,MIA,55,1718,12.6,0.565,0.639,0.278,2.8,12.9,7.7,23.4,1.7,1.2,15.9,16.7,1.5,1.9,3.4,0.096,-0.7,0.8,0.2,0.9
301,Trey Lyles,PF,27,SAC,74,1247,14.2,0.607,0.588,0.304,6.3,21.1,13.7,7,1,2.2,12.2,18.1,1.4,1.2,2.6,0.098,0,-0.9,-1,0.3
302,Théo Maledon,PG,21,CHO,44,854,11.6,0.515,0.374,0.291,1.7,13.9,7.7,24.2,2.1,1.2,17.1,17,0,0.9,0.8,0.047,-3,0.5,-2.5,-0.1
303,Sandro Mamukelashvili,C,23,TOT,43,660,13.4,0.516,0.43,0.248,11.2,19,15.1,12.8,1,1.5,12.1,18.2,0.4,0.5,0.9,0.063,-1.1,-1.3,-2.4,-0.1
303,Sandro Mamukelashvili,C,23,MIL,24,217,8.5,0.432,0.552,0.31,9,17.6,13.4,9.3,0.9,1.9,12,14.5,-0.1,0.3,0.2,0.049,-4,0.4,-3.6,-0.1
303,Sandro Mamukelashvili,C,23,SAS,19,443,15.9,0.545,0.39,0.227,12.3,19.7,15.9,14.6,1.1,1.3,12.1,20.1,0.4,0.2,0.6,0.07,0.3,-2.1,-1.8,0
304,Terance Mann,SG,26,LAC,81,1872,13.4,0.619,0.378,0.225,4.7,11.8,8.3,14,1.1,1,12.2,15.3,2.8,1.5,4.3,0.111,-0.3,0.1,-0.2,0.8
305,Tre Mann,PG,21,OKC,67,1183,10,0.492,0.513,0.11,2.4,11.8,7,14,1.6,0.9,10.6,20.7,-0.6,1.1,0.5,0.021,-3,-1,-3.9,-0.6
306,Boban Marjanović,C,34,HOU,31,171,23.4,0.71,0.017,0.45,12.7,26,19.3,8.7,1.4,1.1,16.3,20.8,0.4,0.1,0.6,0.158,3,-1.5,1.6,0.2
307,Lauri Markkanen,PF,25,UTA,66,2273,22.1,0.64,0.446,0.348,6.3,20.7,13.6,8.6,0.9,1.4,8.8,26.6,6.3,1.9,8.2,0.173,4.9,-1,3.8,3.3
308,Naji Marshall,SF,25,NOP,77,1792,11.4,0.539,0.382,0.306,3,14.6,8.8,14.4,1.5,0.7,13,17.8,0.5,2,2.5,0.068,-1.9,0,-1.9,0.1
309,Caleb Martin,SF,27,MIA,71,2077,11.4,0.571,0.431,0.206,4.8,15,9.7,8.2,1.7,1.5,11.5,14.4,1.2,2.5,3.7,0.086,-1.8,0.5,-1.2,0.4
310,Cody Martin,SF,27,CHO,7,134,8.7,0.448,0.389,0.194,6.2,13,9.5,11,1.4,0.6,4.9,12.9,0,0.1,0.1,0.045,-3.8,-0.8,-4.6,-0.1
311,Kenyon Martin Jr.,SF,22,HOU,82,2292,15.4,0.635,0.3,0.308,6,15.8,10.8,8.1,0.9,1.3,10,16.4,4.2,0.7,4.9,0.103,0.6,-1.3,-0.7,0.7
312,Tyrese Martin,SG,23,ATL,16,66,7.7,0.44,0.304,0.087,8.2,11.7,10,3.9,0.7,0,7.7,16.5,0,0,0,-0.01,-4.2,-3.1,-7.4,-0.1
313,Garrison Mathews,SG,26,TOT,54,686,9.7,0.573,0.896,0.264,1.7,10,5.8,5.1,1.7,0.7,7.8,14.7,0.7,0.3,1,0.067,-2,-0.4,-2.4,-0.1
313,Garrison Mathews,SG,26,HOU,45,602,9.1,0.564,0.912,0.265,1.8,9.6,5.7,5.1,1.9,0.6,8.7,14.3,0.5,0.2,0.7,0.058,-2.3,-0.2,-2.5,-0.1
313,Garrison Mathews,SG,26,ATL,9,84,14,0.623,0.806,0.258,1.3,13.2,7.2,4.7,0.6,1,2.8,17.8,0.2,0,0.2,0.127,0.7,-2.4,-1.7,0
314,Bennedict Mathurin,SG,20,IND,78,2222,13.1,0.566,0.326,0.477,4.4,11.5,7.9,7.6,1,0.5,11.7,24.6,1,0.8,1.8,0.038,-1.2,-2.5,-3.7,-1
315,Wesley Matthews,SF,36,MIL,52,820,7,0.519,0.775,0.175,4.5,9.7,7.2,5.1,1.2,1.3,9.5,9.8,0.3,0.9,1.2,0.073,-3.4,0.8,-2.7,-0.1
316,Tyrese Maxey,SG,22,PHI,60,2016,17,0.605,0.404,0.233,1.4,8.8,5.2,16.9,1.2,0.4,7.4,24.1,3.7,1.6,5.4,0.128,1.9,-1.2,0.6,1.3
317,Skylar Mays,PG,25,POR,6,189,19.4,0.624,0.382,0.191,1.2,10.4,5.8,40,1.5,0.5,11.9,19.3,0.6,0.1,0.7,0.171,2.1,-2.1,0,0.1
318,Miles McBride,PG,22,NYK,64,760,8.4,0.475,0.623,0.195,1.9,5.4,3.6,12.4,2.4,1,9.7,14.6,0,0.7,0.7,0.047,-3.6,1.4,-2.3,-0.1
319,Mac McClung,SG,24,PHI,2,41,19.2,0.563,0.55,0.25,8.8,19.8,14.4,35.3,0,0,11.9,27.5,0.1,0,0.1,0.14,2.2,-1.7,0.5,0
320,CJ McCollum,SG,31,NOP,75,2649,15.6,0.541,0.404,0.177,2.4,11.7,7,25.1,1.3,1.4,11.2,26.4,1.5,2.8,4.3,0.078,1.5,-0.7,0.8,1.9
321,T.J. McConnell,PG,30,IND,75,1526,16.8,0.59,0.113,0.131,3.3,13.7,8.5,37.9,2.5,0.6,20.6,19.1,1.9,1.2,3.1,0.098,0.4,0.1,0.5,1
322,Jaden McDaniels,SF,22,MIN,79,2416,12,0.611,0.376,0.201,4.3,9.8,7.1,8.4,1.5,2.7,12.6,15.8,2,2.4,4.4,0.087,-1.7,0.5,-1.2,0.5
323,Jalen McDaniels,SF,25,TOT,80,1913,11.8,0.557,0.376,0.224,3.6,16.3,9.9,9.6,2.1,1.6,12.1,17.2,0.5,2.2,2.7,0.068,-2.7,0.6,-2.1,-0.1
323,Jalen McDaniels,SF,25,CHO,56,1494,11.6,0.551,0.409,0.211,3.1,16.5,9.6,10.5,2.1,1.7,12.9,17.5,0.1,1.7,1.8,0.057,-2.7,0.7,-2,0
323,Jalen McDaniels,SF,25,PHI,24,419,12.5,0.58,0.244,0.276,5.5,15.8,10.7,6.5,2,1.1,8.6,16.1,0.4,0.5,1,0.109,-2.5,-0.1,-2.6,-0.1
324,Doug McDermott,SF,31,SAS,64,1314,11.2,0.59,0.57,0.134,1.9,9.9,5.8,9.8,0.5,0.4,9.5,19.2,1,0,1,0.035,-0.7,-2.5,-3.2,-0.4
325,JaVale McGee,C,35,DAL,42,355,17.2,0.65,0.04,0.328,9.7,25.5,17.5,5.2,0.6,6.5,20.1,22.8,0.1,0.5,0.6,0.076,-3.6,-0.1,-3.7,-0.1
326,Bryce McGowens,SG,20,CHO,46,787,7.2,0.519,0.396,0.396,2.7,10.1,6.3,9.1,0.9,0.7,15.3,15,-0.4,0.4,0.1,0.005,-4.6,-1.4,-6,-0.8
327,Rodney McGruder,SG,31,DET,32,524,10.7,0.566,0.638,0.145,4.1,11.8,7.8,7.6,1.5,0.2,6.4,14,0.5,0.2,0.7,0.068,-0.8,-0.7,-1.5,0.1
328,Jordan McLaughlin,PG,26,MIN,43,678,11.8,0.526,0.538,0.124,2.5,7.6,5.1,27.4,2.2,0.5,17.7,11.7,0.7,0.6,1.3,0.094,-1.3,0.6,-0.7,0.2
329,De'Anthony Melton,SG,24,PHI,77,2150,12.7,0.566,0.619,0.134,3.9,13.1,8.6,12.9,2.9,1.8,12.9,16.4,1.1,3.1,4.2,0.095,-0.7,1.6,0.9,1.6
330,Sam Merrill,SG,26,CLE,5,59,15.5,0.546,0.818,0.091,0,18,9,12,3.4,0,0,17.3,0.1,0.1,0.2,0.16,-1.2,2.5,1.2,0
331,Chimezie Metu,PF,25,SAC,66,689,17.3,0.639,0.174,0.333,7.8,24.9,16.4,8.1,1.5,2.7,11.3,17.6,1.2,0.8,2.1,0.143,-0.3,0.2,-0.1,0.3
332,Khris Middleton,SF,31,MIL,33,801,17.4,0.551,0.399,0.251,3.8,14,9.1,30.7,1.4,0.5,13.6,27.4,1,1,1.9,0.117,1,-0.3,0.8,0.6
333,Patty Mills,PG,34,BRK,40,567,10.6,0.554,0.641,0.144,1.6,7,4.4,13.9,1.3,0.5,11.9,19.7,0,0.4,0.4,0.035,-1.4,-1.7,-3.1,-0.2
334,Shake Milton,SG,26,PHI,76,1567,12.7,0.575,0.294,0.231,3,11.3,7.2,22.3,0.8,0.8,14.5,18.5,1.6,1.2,2.9,0.087,-1,-0.9,-2,0
335,Justin Minaya,SF,23,POR,4,89,4,0.363,0.522,0.043,3.8,15.6,9.7,5.9,1.1,5,14.6,13.4,-0.2,0.1,-0.1,-0.067,-7.2,-1.9,-9,-0.2
336,Josh Minott,SF,20,MIN,15,96,17.9,0.582,0.167,0.222,5.9,22.9,14.6,7.5,2,5.4,7.1,18.9,0.1,0.2,0.3,0.146,-1.9,0.4,-1.6,0
337,Davion Mitchell,PG,24,SAC,80,1447,9.4,0.545,0.494,0.078,1.3,7,4.1,16.5,1.5,0.9,13.1,14.1,0.7,0.8,1.5,0.05,-2.4,-0.4,-2.8,-0.3
338,Donovan Mitchell,SG,26,CLE,68,2432,22.9,0.614,0.453,0.262,3.1,10.9,7,21.4,2,1,10.3,32.1,5.4,3.5,8.9,0.176,5.6,0.6,6.3,5
339,Evan Mobley,PF,21,CLE,79,2715,17.9,0.591,0.108,0.321,8.1,22.7,15.4,12.4,1.1,4,11.9,20.2,3.7,4.8,8.5,0.151,0,1.6,1.7,2.5
340,Isaiah Mobley,PF,23,CLE,13,84,14.1,0.521,0.286,0.143,5.6,22.4,14,5,2.4,3.3,3.3,16.4,0.1,0.2,0.2,0.135,-2.5,1.1,-1.4,0
341,Chima Moneke,SF,27,SAC,2,8,-3.5,0.347,0,1,28.8,0,14.3,16.1,0,0,41,26.2,0,0,0,-0.288,-12.7,-8,-20.7,0
342,Malik Monk,SG,24,SAC,77,1719,16.6,0.587,0.5,0.26,2.1,11.3,6.7,25,1.4,1,14.1,25.8,2.1,1.2,3.2,0.091,1.6,-1.4,0.3,1
343,Moses Moody,SG,20,GSW,63,817,10.3,0.603,0.595,0.233,3.8,10.2,7.1,8.2,1,0.8,12,14.6,0.7,0.6,1.3,0.076,-1.7,-0.9,-2.6,-0.1
344,Xavier Moon,SG,28,LAC,4,20,7.2,0.389,0.333,0,0,16.6,8.4,35.7,0,0,10,21.8,0,0,0,-0.03,-4.1,-1,-5.1,0
345,Wendell Moore Jr.,SG,21,MIN,29,153,9.3,0.465,0.395,0.116,3,10,6.6,15.3,2.5,2.8,15,14.9,-0.1,0.2,0.1,0.028,-3.8,1.3,-2.4,0
346,Ja Morant,PG,23,MEM,61,1948,23.3,0.557,0.247,0.409,3.3,16.1,9.7,41.1,1.6,0.7,12.6,34.9,3.4,2.6,6,0.148,5.2,0.5,5.7,3.8
347,Marcus Morris,PF,33,LAC,65,1825,10.5,0.534,0.479,0.135,1.8,13.9,7.9,8.9,1.1,1,7.6,17.6,0.4,1.6,2,0.053,-1.8,-0.2,-1.9,0
348,Markieff Morris,PF,33,TOT,35,355,10.4,0.553,0.617,0.087,4.2,18.2,11.3,12.2,1.2,1.2,13.1,17.2,0.1,0.4,0.4,0.059,-2.3,-0.4,-2.7,-0.1
348,Markieff Morris,PF,33,BRK,27,285,10.7,0.556,0.598,0.122,5.2,17.7,11.6,11.8,1.4,1.5,13.9,15.6,0.1,0.3,0.4,0.074,-1.8,-0.1,-1.9,0
348,Markieff Morris,PF,33,DAL,8,70,9.1,0.545,0.667,0,0,20.2,10,13.7,0.7,0,10.8,23.9,0,0.1,0,0.002,-4.4,-1.4,-5.8,-0.1
349,Monte Morris,PG,27,WAS,62,1695,15,0.579,0.396,0.15,1.8,11.6,6.9,26.4,1.2,0.6,9.9,15.6,3.1,1.1,4.2,0.12,0.8,-0.4,0.5,1.1
350,Trey Murphy III,SF,22,NOP,79,2448,15.2,0.65,0.621,0.238,2.7,10.3,6.5,6.4,1.8,1.7,6.5,16.6,4.8,2.8,7.6,0.15,1.4,0.4,1.8,2.3
351,Dejounte Murray,SG,26,ATL,74,2693,17,0.54,0.293,0.144,2.1,13.8,7.9,24,2,0.6,10.2,24.4,2.4,2.3,4.7,0.084,1.1,0,1,2.1
352,Jamal Murray,PG,25,DEN,65,2133,18,0.571,0.415,0.207,2.7,11,6.9,27.5,1.5,0.7,11.3,26.1,3.3,1.9,5.1,0.116,2.6,-1.3,1.3,1.8
353,Keegan Murray,SF,22,SAC,80,2382,12.3,0.597,0.641,0.104,4.3,13.4,8.9,5.5,1.2,1.5,6.8,15.8,2.6,1.7,4.3,0.087,0.4,-1,-0.6,0.8
354,Mike Muscala,C,31,TOT,63,945,13,0.608,0.709,0.178,4.2,19.1,11.6,7.1,0.8,2.3,6.8,15.1,1.4,1.1,2.5,0.128,-0.3,-0.1,-0.4,0.4
354,Mike Muscala,C,31,OKC,43,622,13.8,0.602,0.7,0.192,3.9,19.7,11.6,8.2,0.8,2.8,6,15.7,1,0.7,1.7,0.134,0.3,-0.1,0.1,0.3
354,Mike Muscala,C,31,BOS,20,323,11.6,0.623,0.73,0.146,4.8,18,11.5,5,0.6,1.3,8.7,14,0.4,0.4,0.8,0.116,-1.5,0.1,-1.4,0.1
355,Svi Mykhailiuk,SF,25,TOT,32,468,14,0.584,0.572,0.225,3.4,8.9,6.1,16.5,1.5,0.7,11.2,19.3,0.5,0.3,0.8,0.081,0.5,-0.7,-0.1,0.2
355,Svi Mykhailiuk,SF,25,NYK,13,40,15.8,0.739,0.833,0.417,0,19.3,9.6,3.5,1.2,0,12.3,17.4,0.1,0,0.1,0.141,3.6,0.5,4.1,0.1
355,Svi Mykhailiuk,SF,25,CHO,19,428,13.8,0.571,0.553,0.211,3.7,7.9,5.7,17.7,1.6,0.8,11.1,19.5,0.4,0.3,0.7,0.076,0.3,-0.8,-0.5,0.2
356,Larry Nance Jr.,C,30,NOP,65,1381,16,0.649,0.138,0.259,8.7,20.3,14.5,11.7,2,2.6,11,11.9,2.8,2.1,4.9,0.171,0,2,2,1.4
357,Andrew Nembhard,SG,23,IND,75,2073,10,0.528,0.408,0.096,1.9,8.8,5.3,22.4,1.6,0.5,15.8,16.1,0.4,0.8,1.2,0.029,-2.4,-0.8,-3.2,-0.6
358,Aaron Nesmith,SF,23,IND,73,1816,10.5,0.566,0.532,0.241,3.8,13.1,8.5,7.4,1.4,1.6,10.3,16.8,0.9,1.1,2,0.052,-2.3,-0.7,-3,-0.4
359,Raul Neto,PG,30,CLE,48,505,12.6,0.628,0.382,0.309,2.3,8.4,5.4,21,1.7,0.7,16.1,13.2,0.8,0.6,1.5,0.142,-1.7,1.5,-0.2,0.2
360,Georges Niang,PF,29,PHI,78,1512,10.9,0.61,0.765,0.09,1.5,12.8,7.2,7.3,1,0.9,9.4,17,1.1,1.4,2.5,0.078,-0.4,-1,-1.4,0.2
361,Daishen Nix,PG,20,HOU,57,914,5.3,0.447,0.591,0.152,2.1,9.7,5.9,19.2,1.6,0.7,25.4,15.4,-1.5,0.3,-1.2,-0.062,-5,-1.5,-6.5,-1
362,Zeke Nnaji,PF,22,DEN,53,728,12.5,0.62,0.332,0.316,10.5,11.2,10.9,3.3,1.1,2.8,12.2,15.2,0.9,0.7,1.6,0.106,-2.7,-0.9,-3.7,-0.3
363,Nerlens Noel,C,28,TOT,17,195,7.9,0.424,0.056,0.333,5.6,21,13.1,6.7,4,4.5,23.9,12,-0.3,0.3,0,0.007,-6.5,2.6,-3.8,-0.1
363,Nerlens Noel,C,28,DET,14,152,10,0.465,0.067,0.333,5,22.6,13.5,6.2,4.1,5.2,18.9,11.9,-0.1,0.3,0.1,0.04,-5.1,3.1,-2,0
363,Nerlens Noel,C,28,BRK,3,43,0.3,0.218,0,0.333,8,15.3,11.8,8.3,3.4,2,42.1,12.2,-0.2,0.1,-0.1,-0.112,-11.3,1,-10.3,-0.1
364,Jaylen Nowell,SG,23,MIN,65,1252,13.7,0.527,0.371,0.158,3.3,11.7,7.6,15.9,1.6,0.3,8.9,25,0,1.2,1.2,0.046,-1.5,-1,-2.5,-0.2
365,Frank Ntilikina,SG,24,DAL,47,607,5.2,0.461,0.508,0.25,1.3,10.7,5.9,12.8,1.3,1,16.5,13.1,-0.5,0.4,-0.1,-0.01,-6.1,-0.7,-6.7,-0.7
366,Kendrick Nunn,SG,27,TOT,70,964,11.1,0.53,0.496,0.091,1.8,10.3,6.2,13.8,1.4,0.6,12.4,23.7,-0.6,0.8,0.2,0.008,-2,-1.5,-3.5,-0.4
366,Kendrick Nunn,SG,27,LAL,39,528,8.7,0.503,0.502,0.084,1,9.8,5.6,9.3,1,0.5,10.6,23.3,-0.6,0.4,-0.2,-0.021,-3.4,-1.6,-5,-0.4
366,Kendrick Nunn,SG,27,WAS,31,436,14.1,0.563,0.487,0.101,2.7,10.8,6.9,19.2,1.9,0.8,14.4,24.2,0,0.4,0.4,0.043,-0.4,-1.3,-1.6,0
367,Jusuf Nurkić,C,28,POR,52,1391,17.3,0.589,0.236,0.38,9.3,29.7,19.5,16.4,1.5,2.8,16.8,22.1,1.2,1.5,2.7,0.092,-0.6,0.7,0.1,0.7
368,Jordan Nwora,SF,24,TOT,62,1188,12.2,0.561,0.474,0.193,4.7,15.8,10.4,10.5,1,1,12,19.4,0.5,1,1.5,0.06,-0.8,-1.3,-2.1,0
368,Jordan Nwora,SF,24,MIL,38,597,10,0.53,0.518,0.218,5.3,14.8,10.2,8.4,1,1,13.6,17.6,0,0.7,0.7,0.057,-2,-0.4,-2.4,0
368,Jordan Nwora,SF,24,IND,24,591,14.4,0.586,0.44,0.173,4.1,16.9,10.5,12.6,1,1,10.7,21.2,0.5,0.3,0.8,0.064,0.4,-2.2,-1.8,0
369,Royce O'Neale,SF,29,BRK,76,2409,9.2,0.538,0.707,0.116,2.6,15,9,15.3,1.3,1.7,15.5,13.6,0.4,2.5,2.9,0.057,-1.7,0.6,-1.1,0.5
370,Chuma Okeke,SF,24,ORL,27,518,9.1,0.488,0.705,0.172,5.7,15.3,10.5,9.4,1.8,2.1,11.5,12.3,0,0.6,0.7,0.061,-2.4,0.8,-1.6,0.1
371,Josh Okogie,SG,24,PHO,72,1350,13.3,0.531,0.476,0.464,8.8,11.9,10.3,10.3,2,2.3,11.2,17.7,1.1,1.7,2.8,0.101,-0.8,0.5,-0.2,0.6
372,Onyeka Okongwu,C,22,ATL,80,1849,19.4,0.678,0.026,0.394,12.7,21.5,17,5.8,1.4,4.9,12.2,15.1,4.7,2.4,7.1,0.185,0,0.8,0.8,1.3
373,Isaac Okoro,SF,22,CLE,76,1652,10.7,0.614,0.483,0.291,3.7,9.6,6.7,7,1.7,1.7,9.5,11.9,1.9,2.3,4.2,0.122,-1.9,1.6,-0.3,0.7
374,KZ Okpala,PF,23,SAC,35,248,6.2,0.554,0.553,0.211,3.2,12.4,7.8,6.3,1.4,2.5,14.4,8.4,0.1,0.2,0.3,0.057,-4.3,1.1,-3.2,-0.1
375,Victor Oladipo,SG,30,MIA,42,1106,10.6,0.513,0.526,0.196,1.6,12.3,6.8,19.8,2.6,1.1,16.6,21.1,-0.9,1.5,0.6,0.024,-2.9,0.8,-2.1,0
376,Kelly Olynyk,C,31,UTA,68,1942,14.4,0.643,0.424,0.417,4.6,18.6,11.7,17.6,1.5,1.6,20.3,17.8,2.4,1.9,4.3,0.106,-0.4,0.9,0.4,1.2
377,Eugene Omoruyi,SF,25,TOT,40,645,10.9,0.533,0.39,0.329,7.1,11.8,9.4,6.3,2.1,0.4,11.5,19.3,0.1,0.5,0.6,0.042,-3.5,-0.9,-4.4,-0.4
377,Eugene Omoruyi,SF,25,OKC,23,272,10.6,0.531,0.33,0.298,8.5,12.1,10.3,5.6,2.4,0,13.1,18.8,0,0.3,0.3,0.052,-4.4,-0.5,-4.9,-0.2
377,Eugene Omoruyi,SF,25,DET,17,373,11.2,0.533,0.433,0.351,6.1,11.6,8.8,6.8,1.8,0.7,10.4,19.7,0.1,0.2,0.3,0.034,-2.9,-1.2,-4.1,-0.2
378,Cedi Osman,SF,27,CLE,77,1548,12,0.579,0.589,0.204,1.9,11.5,6.7,10.6,1.1,0.7,8.3,18.2,1.4,1.9,3.3,0.103,-0.8,0.2,-0.7,0.5
379,Kelly Oubre Jr.,SF,27,CHO,48,1548,14.8,0.534,0.414,0.254,4.4,12.9,8.6,5.6,2.1,1,6.6,26.5,0.1,1.5,1.7,0.051,-0.4,-0.7,-1.1,0.3
380,Chris Paul,PG,37,PHO,59,1889,17.7,0.555,0.391,0.24,1.6,13.4,7.4,38.7,2.4,1,13.4,19.2,3.7,2.5,6.2,0.156,2,1.2,3.2,2.5
381,Cameron Payne,PG,28,PHO,48,968,13.2,0.512,0.408,0.141,1.3,11,6.1,32.6,1.7,0.7,14.4,24.8,0,1,1.1,0.053,-0.5,-0.7,-1.2,0.2
382,Gary Payton II,SG,30,TOT,22,367,13.3,0.701,0.377,0.101,7.4,13.9,10.6,11,2.9,1.2,18.2,10.3,0.6,0.4,1,0.125,-1.2,1.5,0.3,0.2
382,Gary Payton II,SG,30,POR,15,255,11.3,0.713,0.415,0.098,4.5,13.2,8.8,11.6,3.1,0.3,21.9,9.3,0.3,0.2,0.5,0.097,-2,1.4,-0.6,0.1
382,Gary Payton II,SG,30,GSW,7,112,17.7,0.682,0.321,0.107,14,15.4,14.7,9.6,2.5,3.1,12,12.5,0.3,0.2,0.4,0.191,0.5,1.9,2.4,0.1
383,Theo Pinson,SG,27,DAL,40,323,10.1,0.512,0.713,0.149,3.6,19.3,11.4,19.6,0.9,0.3,11.5,14.7,0.2,0.2,0.5,0.071,-2.5,-0.9,-3.4,-0.1
384,Scotty Pippen Jr.,PG,22,LAL,6,32,9.6,0.439,0.25,0.75,6.9,6.5,6.7,8.2,3,2.6,11.1,23.7,-0.1,0,0,-0.017,-5.1,-0.8,-5.9,0
385,Mason Plumlee,C,32,TOT,79,2054,19.6,0.689,0,0.647,11.8,25.1,18.4,17.3,1.1,2,15.8,15.2,5.5,2.4,7.9,0.185,1.2,1,2.2,2.2
385,Mason Plumlee,C,32,CHO,56,1597,20,0.673,0,0.646,12.2,24.1,18.1,18.7,1,1.9,14.6,15.7,4.3,1.8,6.1,0.183,1.5,0.9,2.4,1.8
385,Mason Plumlee,C,32,LAC,23,457,18.2,0.761,0,0.648,10.4,28.4,19.5,12.3,1.2,2.3,21,13.7,1.2,0.6,1.8,0.19,0.1,1.2,1.4,0.4
386,Jakob Poeltl,C,27,TOT,72,1906,21,0.635,0.002,0.325,13,25.5,19,15.2,1.7,4,15,18.2,3.7,2.2,6,0.15,1.1,0.8,1.9,1.9
386,Jakob Poeltl,C,27,SAS,46,1199,19.7,0.625,0.003,0.332,13.3,25,18.9,17,1.4,3.6,17.8,18.6,1.8,1.1,2.9,0.115,0.5,0.4,0.9,0.9
386,Jakob Poeltl,C,27,TOR,26,707,23.1,0.652,0,0.313,12.5,26.4,19,12.1,2.1,4.7,10,17.5,1.9,1.2,3.1,0.209,2.2,1.5,3.6,1
387,Aleksej Pokusevski,PF,21,OKC,34,701,13.4,0.522,0.418,0.141,6.8,17.8,12.2,12.4,1.4,5.7,14,18.3,0,1,1,0.066,-1,1,0,0.3
388,Jordan Poole,PG,23,GSW,82,2458,14.6,0.573,0.498,0.325,1.5,8.5,5,22.5,1.2,0.8,14.7,29.2,1.4,1.9,3.2,0.063,-0.1,-1.8,-1.9,0.1
389,Kevin Porter Jr.,PG,22,HOU,59,2024,16.2,0.565,0.436,0.299,4.1,13.1,8.5,25.7,2,0.8,15.8,24.3,1.9,1,2.9,0.068,1.4,-0.8,0.6,1.3
390,Michael Porter Jr.,SF,24,DEN,62,1798,16.8,0.621,0.556,0.147,4.2,17.2,10.9,5.3,1,1.4,7.3,22.7,2.6,1.8,4.3,0.116,2,-1.8,0.2,1
391,Otto Porter Jr.,SF,29,TOR,8,146,14,0.656,0.567,0.267,4.3,10.9,7.4,7.2,3.7,0,10.7,11,0.2,0.2,0.4,0.142,-1.3,2,0.7,0.1
392,Bobby Portis,PF,27,MIL,70,1818,17.8,0.575,0.32,0.156,9.2,28.6,19.3,8.7,0.8,0.7,8.6,21.7,2.5,2.8,5.3,0.139,1.2,-0.6,0.7,1.2
393,Kristaps Porziņģis,C,27,WAS,65,2120,23.1,0.627,0.35,0.409,6.2,21.8,14.3,12.9,1.3,4,10.2,27.4,5,2.7,7.7,0.174,3.8,0.5,4.3,3.4
394,Micah Potter,PF,24,UTA,7,52,18.6,0.8,0.467,0,6.3,26.7,16.6,11.2,0.9,0,11.8,13.7,0.2,0,0.2,0.186,2.4,1.2,3.5,0.1
395,Dwight Powell,C,31,DAL,76,1458,15.5,0.738,0.019,0.625,11.8,13.3,12.5,6.9,1.6,1.6,15.9,12.6,3.8,1.3,5.1,0.168,-1.2,0,-1.2,0.3
396,Norman Powell,SG,29,LAC,60,1567,17.1,0.612,0.404,0.39,1.7,10.7,6.3,11,1.6,1,10.8,26,2.1,1.4,3.5,0.107,0.9,-0.7,0.3,0.9
397,Jason Preston,PG,23,LAC,14,124,10.3,0.489,0.439,0.049,1.8,17.9,9.9,30.9,0.8,0,19.3,18.3,0,0.1,0.1,0.021,-2.1,-0.5,-2.6,0
398,Joshua Primo,SG,20,SAS,4,93,6.1,0.467,0.462,0.346,2.3,13.4,7.6,24.4,0.5,1.8,26.9,18.2,-0.2,0,-0.1,-0.073,-4.7,-1.6,-6.3,-0.1
399,Taurean Prince,PF,28,MIN,54,1192,10,0.597,0.512,0.203,1.4,10.8,6.2,9.6,1.1,1.1,14.3,17.3,0.3,1,1.3,0.052,-2.6,-0.6,-3.3,-0.4
400,Payton Pritchard,PG,25,BOS,48,643,10.3,0.536,0.629,0.065,4.3,10.5,7.5,14,1.1,0.1,13.7,19.8,-0.1,0.7,0.6,0.045,-2.1,-1.2,-3.4,-0.2
401,Trevelin Queen,SG,25,IND,7,70,6,0.337,0.517,0.172,12.7,14.2,13.5,11.1,1.4,6.1,18.3,22.9,-0.3,0.1,-0.2,-0.133,-5.6,-1.5,-7.2,-0.1
402,Neemias Queta,C,23,SAC,5,29,17,0.607,0,0.222,19.8,23.5,21.7,5,0,6,9.2,16.1,0.1,0,0.1,0.149,-2.6,-0.8,-3.4,0
403,Immanuel Quickley,SG,23,NYK,81,2344,16.3,0.578,0.485,0.265,2.7,13.1,7.9,17.4,1.7,0.6,8.7,20.9,4.4,2.3,6.7,0.137,1.3,0.4,1.7,2.1
404,Lester Quinones,SG,22,GSW,4,18,8.6,0.654,0.8,1.2,6.2,12,9.2,14.2,2.6,0,39.6,29.4,-0.1,0,0,-0.103,-6.4,-3.7,-10.2,0
405,Julius Randle,PF,28,NYK,77,2737,20.3,0.581,0.444,0.371,5.6,25.2,15.4,18.5,0.9,0.7,11.5,29.5,5,3.1,8.1,0.142,3.9,-0.2,3.7,3.9
406,Austin Reaves,SG,24,LAL,64,1843,14.9,0.687,0.441,0.541,2,9,5.6,15.7,0.8,0.9,14,16.2,4.1,1.4,5.4,0.142,0.6,0.1,0.7,1.2
407,Cam Reddish,SF,23,TOT,40,990,10.6,0.561,0.462,0.24,2,8.1,5,8.1,1.9,1.3,12,17.1,0.3,0.7,0.9,0.046,-2.6,-0.8,-3.4,-0.4
407,Cam Reddish,SF,23,NYK,20,438,10.6,0.558,0.412,0.243,1.7,6,3.9,6.3,1.7,1.7,9.1,16.2,0.3,0.4,0.7,0.071,-2.2,0,-2.3,0
407,Cam Reddish,SF,23,POR,20,552,10.6,0.563,0.5,0.239,2.3,9.6,5.9,9.6,2.1,1,14.1,17.8,0,0.3,0.3,0.025,-3,-1.4,-4.3,-0.3
408,Davon Reed,SG,27,TOT,43,342,6.2,0.471,0.548,0.286,3.4,16,9.9,8.2,2.1,1,17.5,14.5,-0.4,0.4,0.1,0.008,-5.4,0,-5.3,-0.3
408,Davon Reed,SG,27,DEN,35,315,5.2,0.456,0.55,0.25,3.4,16.3,10,7.3,2,1.1,18.4,15,-0.4,0.4,-0.1,-0.009,-5.8,-0.3,-6.1,-0.3
408,Davon Reed,SG,27,LAL,8,27,16.7,0.694,0.5,1,4.1,11.5,7.9,19.2,3.5,0,0,9,0.1,0,0.1,0.208,-0.1,4.4,4.3,0
409,Paul Reed,C,23,PHI,69,755,19.2,0.62,0.029,0.244,17.8,23.1,20.5,5.3,3,6.3,16.3,16.4,1.2,1.6,2.8,0.18,-1.6,1.5,-0.1,0.4
410,Naz Reid,C,23,MIN,68,1251,18.5,0.617,0.376,0.22,6.6,22.8,14.9,9.6,1.6,3.7,12.7,24.8,1.1,1.9,3,0.114,0.3,0.8,1,1
411,Jared Rhoden,SG,23,DET,14,198,6.5,0.482,0.455,0.136,6,15,10.4,2.8,1,0.4,6,10.7,0,0.1,0.1,0.027,-5,-1.1,-6.1,-0.2
412,Nick Richards,C,25,CHO,65,1217,18.3,0.676,0.003,0.585,12.6,24,18.2,4.5,0.4,5.1,13,15.6,2.7,1.5,4.2,0.165,-1,-0.2,-1.3,0.2
413,Josh Richardson,SG,29,TOT,65,1530,12.3,0.555,0.529,0.146,2.9,9.9,6.3,15.8,2.2,1.2,12.7,18.4,0.6,1.1,1.8,0.055,-1,-0.1,-1.2,0.3
413,Josh Richardson,SG,29,SAS,42,997,13.6,0.556,0.51,0.148,3.2,10.1,6.5,19.3,1.9,0.9,12.7,20.5,0.6,0.4,1,0.047,-0.1,-1,-1.1,0.2
413,Josh Richardson,SG,29,NOP,23,533,9.9,0.55,0.581,0.142,2.3,9.6,6,9.2,2.6,1.6,12.8,14.5,0.1,0.7,0.8,0.071,-2.9,1.6,-1.3,0.1
414,Austin Rivers,SG,30,MIN,52,1016,7.4,0.564,0.589,0.187,0.6,8.4,4.6,9.3,1.3,0.3,9.2,10.5,0.5,0.8,1.3,0.061,-3.3,0.5,-2.8,-0.2
415,Duncan Robinson,SF,28,MIA,42,691,7.8,0.534,0.81,0.135,1.3,10.7,5.9,9.7,1,0,10,17.9,-0.1,0.6,0.5,0.035,-3.5,-1.5,-5,-0.5
416,Mitchell Robinson,C,24,NYK,59,1591,18.9,0.652,0,0.436,18.4,20,19.2,4.5,1.7,6.5,10.9,10.1,4,2.6,6.5,0.197,1,1.4,2.4,1.7
417,Orlando Robinson,C,22,MIA,31,425,13.4,0.565,0.067,0.348,12.8,22.3,17.4,8.4,1.4,2.9,13.5,12.4,0.5,0.6,1.1,0.129,-2.7,0.7,-2.1,0
418,Jeremiah Robinson-Earl,PF,22,OKC,43,814,13,0.548,0.448,0.169,9.2,14.7,11.9,7,1.4,1.2,6.7,14.6,1.1,0.8,1.9,0.111,-0.8,-0.7,-1.5,0.1
419,Isaiah Roby,PF,24,SAS,42,474,9.3,0.497,0.387,0.265,4.7,20.6,12.3,10.7,1.8,1.2,15.2,17.8,-0.4,0.3,-0.1,-0.011,-4,-0.6,-4.6,-0.3
420,David Roddy,PF,21,MEM,70,1258,8.8,0.519,0.505,0.155,4.2,12,8.1,6.1,1.1,1.4,11.3,16.7,-0.3,1.4,1.1,0.043,-3.2,-0.7,-3.9,-0.6
421,Ryan Rollins,PG,20,GSW,12,62,-1.4,0.508,0.45,0.3,5.4,15.7,10.6,12.4,0.8,1.4,41.4,26.1,-0.3,0.1,-0.3,-0.218,-11.3,-3.7,-15,-0.2
422,Derrick Rose,PG,34,NYK,27,338,10.1,0.463,0.396,0.075,2.6,10.4,6.5,19.9,1,1.4,11.8,23.6,-0.3,0.3,0,-0.001,-2.2,-1.5,-3.7,-0.1
423,Terrence Ross,SG,31,TOT,63,1330,10.2,0.544,0.555,0.073,1.8,11.2,6.5,10.2,1.3,0.7,8.2,16.8,0.5,1.2,1.6,0.059,-1.8,-0.3,-2.1,0
423,Terrence Ross,SG,31,ORL,42,944,8.6,0.543,0.535,0.067,1.2,9,5.1,8.1,1.3,0.8,10.7,15.7,-0.1,0.7,0.6,0.032,-2.7,-0.4,-3.1,-0.3
423,Terrence Ross,SG,31,PHO,21,386,14.2,0.546,0.59,0.084,3.4,16.7,9.9,15.4,1.3,0.5,3.4,19.7,0.6,0.4,1,0.127,0.3,0.2,0.5,0.2
424,Terry Rozier,SG,28,CHO,63,2221,14.7,0.517,0.425,0.185,2.4,10.2,6.2,22.7,1.6,0.6,9.4,26.9,0.1,1.6,1.7,0.037,0.6,-1.1,-0.6,0.8
425,Ricky Rubio,PG,32,CLE,33,566,10.4,0.442,0.461,0.197,1.9,12.7,7.3,27.1,2.3,1,13.8,17.7,-0.2,0.9,0.7,0.062,-3.8,1.1,-2.8,-0.1
426,D'Angelo Russell,PG,26,TOT,71,2304,16.3,0.605,0.517,0.228,1.7,8.5,5.2,27.4,1.4,1.1,15.1,22.7,3.1,1.9,5.1,0.106,2.1,-0.7,1.5,2
426,D'Angelo Russell,PG,26,MIN,54,1778,16.1,0.604,0.521,0.23,1.8,8.5,5.2,27,1.6,1,15.5,22.8,2.3,1.5,3.8,0.103,1.9,-0.7,1.2,1.4
426,D'Angelo Russell,PG,26,LAL,17,526,17.1,0.61,0.502,0.222,1.5,8.5,5.1,28.8,0.9,1.3,13.9,22.6,0.9,0.4,1.3,0.118,3.1,-0.7,2.4,0.6
427,Matt Ryan,SF,25,TOT,34,310,8.1,0.538,0.778,0.111,1.4,7.6,4.6,6.9,0.8,0.3,5.8,16.5,0.1,0.2,0.3,0.044,-1.9,-1.5,-3.4,-0.1
427,Matt Ryan,SF,25,LAL,12,129,4.6,0.459,0.714,0.102,1.7,9.6,5.8,4,0.7,0,5.5,17.7,-0.1,0.1,0,-0.014,-4.3,-1.4,-5.7,-0.1
427,Matt Ryan,SF,25,MIN,22,181,10.6,0.604,0.831,0.119,1.3,6.1,3.7,8.9,0.8,0.5,6.1,15.6,0.2,0.1,0.3,0.084,-0.2,-1.6,-1.7,0
428,Domantas Sabonis,C,26,SAC,79,2736,23.5,0.668,0.088,0.467,10.6,30,20.3,30.4,1.1,1.2,16.9,21.3,9.6,3,12.6,0.221,4.1,1.8,5.8,5.4
429,Luka Šamanić,PF,23,UTA,7,161,11,0.55,0.544,0.228,0,19.9,10.1,13,1.8,1.1,13.8,18.9,0,0.2,0.2,0.045,-3.2,1.1,-2.1,0
430,Dario Šarić,PF-C,28,TOT,57,806,13.5,0.583,0.415,0.274,7.1,21.4,14.1,12.7,1.2,0.8,15.1,19.2,0.7,1,1.7,0.099,-1.5,0.1,-1.4,0.1
430,Dario Šarić,PF,28,PHO,37,533,12.3,0.545,0.388,0.247,7.9,21.9,14.8,14.6,1.2,0.8,15.4,18.7,0.3,0.7,0.9,0.085,-2.3,0.3,-2,0
430,Dario Šarić,C,28,OKC,20,273,15.9,0.65,0.465,0.323,5.4,20.5,12.8,8.9,1.2,0.7,14.4,20.2,0.4,0.3,0.7,0.127,0.1,-0.2,-0.2,0.1
431,Olivier Sarr,C,23,OKC,9,114,11.5,0.544,0.267,0.233,11.1,18.2,14.6,4.6,0.4,4.1,10.8,13.6,0.1,0.1,0.2,0.094,-4.2,-0.7,-4.9,-0.1
432,Jordan Schakel,SF,24,WAS,2,6,24.3,0.75,0.5,0,0,0,0,23.5,8.1,0,0,14.5,0,0,0,0.314,7.7,9.3,17,0
433,Admiral Schofield,PF,25,ORL,37,451,10.1,0.587,0.607,0.189,5.8,9.8,7.8,9.6,0.9,1.1,10.8,14.1,0.5,0.3,0.8,0.089,-2.2,-0.7,-2.9,-0.1
434,Dennis Schröder,PG,29,LAL,66,1986,11.5,0.545,0.346,0.388,1.2,7.5,4.4,20.1,1.2,0.4,12.8,18.6,1.3,1.5,2.8,0.068,-2.4,-0.5,-2.9,-0.4
435,Jay Scrubb,SG,22,ORL,2,30,14.2,0.825,0.286,0.286,0,22.7,11.3,5,3.2,0,27.6,15.6,0,0,0.1,0.083,-2.9,1,-1.9,0
436,Dereon Seabron,SG,22,NOP,5,12,4.6,0.4,0,0,9.5,0,4.7,0,0,0,0,17.9,0,0,0,-0.034,-6.6,-4.7,-11.3,0
437,Alperen Şengün,C,20,HOU,75,2171,19.7,0.599,0.071,0.36,12.1,22.3,17.1,21,1.6,3.2,17.3,21.4,3.4,1.8,5.2,0.115,1.1,0.4,1.4,1.9
438,Collin Sexton,PG,24,UTA,48,1145,15.9,0.616,0.261,0.425,3.5,6.3,5,17.9,1.1,0.4,13.3,23.4,2,0.5,2.5,0.105,0.1,-1.5,-1.3,0.2
439,Landry Shamet,SG,25,PHO,40,807,10.9,0.537,0.663,0.17,1.5,7.9,4.6,15.7,1.6,0.6,10,18.9,0.5,0.7,1.2,0.071,-1.1,-0.3,-1.4,0.1
440,Day'Ron Sharpe,C,21,BRK,48,552,17.8,0.581,0.064,0.322,20.6,20.1,20.4,9.7,1.3,5,17.7,19,0.8,0.8,1.6,0.139,-1.8,-0.6,-2.3,0
441,Shaedon Sharpe,SG,19,POR,80,1779,11.5,0.568,0.437,0.162,4,11.3,7.6,7.9,1,1.2,10.7,19,0.6,0.6,1.2,0.032,-1.3,-2,-3.3,-0.6
442,Pascal Siakam,PF,28,TOR,71,2652,20.3,0.565,0.219,0.361,5.2,19.6,11.9,24.9,1.2,1.3,10,27.2,5.2,2.6,7.8,0.141,3.3,-0.1,3.1,3.4
443,Chris Silva,PF,26,DAL,1,3,-2.2,1,0,0,0,0,0,0,0,0,50,30.1,0,0,0,-0.26,-22.5,-0.1,-22.6,0
444,Ben Simmons,PG,26,BRK,42,1105,13.4,0.559,0.009,0.243,4.2,22.2,13.4,31.3,2.4,1.9,27.2,14.3,0.5,1.7,2.2,0.097,-2.2,2.6,0.4,0.7
445,Kobi Simmons,SG,25,CHO,5,28,9,0.363,0.833,0.333,3.7,11.7,7.6,21.8,0,6.2,12.7,11.8,0,0,0,0.019,-1,0.1,-0.9,0
446,Marko Simonovic,C,23,CHI,7,20,-0.1,0.381,0.571,0.286,5.8,5.6,5.7,0,0,0,0,17.4,0,0,0,-0.052,-10.5,-3.8,-14.4,-0.1
447,Anfernee Simons,SG,23,POR,62,2171,14.8,0.581,0.538,0.171,0.9,7.6,4.3,18.6,0.9,0.6,10.2,25.1,2.1,0.3,2.5,0.054,1.3,-2.5,-1.1,0.5
448,Jericho Sims,C,24,NYK,52,812,13.8,0.78,0.009,0.15,13.3,19.4,16.4,4,0.9,3.2,19.1,7.4,1.6,0.9,2.6,0.153,-1,0.5,-0.5,0.3
449,Marcus Smart,PG,28,BOS,61,1957,12.1,0.538,0.568,0.196,2.6,8,5.3,26.4,2.3,1,17.9,17.8,1,2.7,3.7,0.092,-1.8,0.8,-1,0.5
450,Dennis Smith Jr.,PG,25,CHO,54,1390,11.6,0.475,0.246,0.235,2,11,6.4,26.1,2.6,1.6,14.1,17.6,-0.4,1.5,1.1,0.039,-3.5,1.2,-2.2,-0.1
451,Dru Smith,SG,25,TOT,15,158,11.4,0.475,0.422,0.067,1.4,15.9,8.7,19.3,3.1,2.5,6.1,13.8,0.1,0.3,0.3,0.099,-3.8,2.9,-0.9,0
451,Dru Smith,SG,25,MIA,5,67,7.1,0.393,0.429,0,1.7,14.5,7.9,10.1,3,4.6,6.7,9.9,0,0.1,0.1,0.053,-6.3,3.1,-3.1,0
451,Dru Smith,SG,25,BRK,10,91,14.6,0.511,0.419,0.097,1.3,16.9,9.3,26,3.2,0.9,5.8,16.7,0.1,0.1,0.3,0.132,-2.1,2.7,0.7,0.1
452,Ish Smith,PG,34,DEN,43,398,6.5,0.407,0.092,0.031,1.5,13.8,7.8,32.5,1,1.6,24.9,19.3,-0.8,0.4,-0.5,-0.056,-5.5,-1.1,-6.6,-0.5
453,Jabari Smith Jr.,PF,19,HOU,79,2451,11.2,0.514,0.438,0.231,5.4,20.3,12.7,5.9,0.9,3,9.6,18.4,0.5,1.4,1.9,0.037,-2.3,-1.3,-3.7,-1.1
454,Jalen Smith,C,22,IND,68,1279,15.9,0.565,0.376,0.27,11.2,22.9,17.1,7.6,0.8,4,11.2,21,1.1,1.1,2.3,0.085,-0.9,-1.1,-2.1,0
455,Xavier Sneed,SF,25,CHO,4,48,9.5,0.723,0.6,0.4,0,11.3,5.6,13.9,0,1.8,20.3,12.9,0.1,0,0.1,0.086,-3.1,-0.4,-3.6,0
456,Jeremy Sochan,PF,19,SAS,56,1458,11.4,0.509,0.243,0.21,6.9,15.6,11,13.6,1.4,1.3,13.9,19.8,-0.5,0.7,0.2,0.005,-2.8,-1.2,-4,-0.7
457,Jaden Springer,SG,20,PHI,16,89,17.2,0.545,0.143,0.229,8.1,10.4,9.3,13.8,3.9,3.1,7.2,20.8,0.1,0.2,0.3,0.145,-2.6,2.9,0.3,0.1
458,Lamar Stevens,SF,25,CLE,62,1120,9.5,0.524,0.33,0.198,5,16.7,10.9,4,1.2,1.6,7.9,13.6,0.3,1.6,1.9,0.08,-3,0.2,-2.8,-0.2
459,Isaiah Stewart,C,21,DET,50,1414,13.1,0.56,0.465,0.338,8.7,23.3,15.8,7.3,0.7,2.1,11.8,17.3,1.1,0.9,2,0.068,-1,-1.1,-2.1,0
460,Max Strus,SF,26,MIA,80,2272,10.8,0.557,0.713,0.113,2.4,11.2,6.7,11.2,0.9,0.5,7.8,17.6,1.5,1.9,3.4,0.071,-0.8,-0.9,-1.7,0.2
461,Jalen Suggs,SG,21,ORL,53,1246,12.5,0.528,0.455,0.268,5,9.6,7.3,18,2.6,2.1,15.9,20.3,-0.2,1.5,1.4,0.053,-1.8,0.8,-1,0.3
462,Edmond Sumner,SG,27,BRK,53,736,14,0.597,0.323,0.401,2,9.9,6,13.3,2.1,1.2,13.6,22.1,0.6,0.7,1.3,0.086,-2.4,-0.2,-2.6,-0.1
463,Cole Swider,SF,23,LAL,7,41,7.4,0.5,0.889,0,2.7,15.2,9.1,12,0,0,0,9.3,0,0,0.1,0.08,-2.9,-0.5,-3.4,0
464,Jae'Sean Tate,SF,27,HOU,31,677,12.2,0.546,0.201,0.301,6.6,12.6,9.6,18.2,1.5,1,15.3,18.8,0.4,0.3,0.7,0.049,-2.8,-0.7,-3.5,-0.3
465,Jayson Tatum,SF,24,BOS,74,2732,23.7,0.607,0.44,0.399,3.2,22.5,13,20.9,1.4,1.6,10.4,32.7,6.2,4.3,10.5,0.185,4.8,0.7,5.5,5.1
466,Terry Taylor,PF,23,TOT,31,264,11,0.557,0.253,0.147,11.4,8.4,9.9,5.1,0.5,2,10.1,14.2,0.2,0.1,0.3,0.054,-2.3,-1.8,-4.1,-0.1
466,Terry Taylor,PF,23,IND,26,228,8.8,0.507,0.277,0.108,10.7,8.3,9.5,5.9,0.6,1.9,11.7,14.2,0,0.1,0.1,0.021,-3.4,-1.9,-5.3,-0.2
466,Terry Taylor,PF,23,CHI,5,36,25,0.85,0.1,0.4,16,9.3,12.6,0,0,2.7,0,14.5,0.2,0,0.2,0.262,4.6,-0.9,3.7,0.1
467,Garrett Temple,SG,36,NOP,25,162,10.5,0.535,0.578,0.089,3.5,8.4,5.9,10.6,2.7,1.2,7.9,13.4,0.1,0.2,0.3,0.094,-2.5,1.6,-1,0
468,Dalen Terry,SG,20,CHI,38,214,14.1,0.523,0.375,0.292,6.5,13,9.8,14.1,2.5,2.3,9,18.4,0.1,0.3,0.5,0.105,-1.7,1.7,0,0.1
469,Daniel Theis,C,30,IND,7,109,14.2,0.497,0.25,0.273,7.1,15.2,11.2,12.2,0.9,4.7,5.7,20.1,0,0.1,0.1,0.046,-0.9,-0.5,-1.4,0
470,Cam Thomas,SG,21,BRK,57,948,14.7,0.567,0.292,0.382,1,10.1,5.6,12.7,1,0.6,10.6,27.8,0.3,0.7,1,0.049,-0.7,-2,-2.7,-0.2
471,Klay Thompson,SF,32,GSW,69,2279,14.7,0.576,0.584,0.105,1.9,11.7,6.9,11,1,1.1,8.6,26.4,1.2,1.9,3.1,0.066,1.5,-1.7,-0.3,1
472,JT Thor,PF,20,CHO,69,969,7,0.506,0.517,0.197,3.9,13,8.4,4.9,1.1,2.1,14.5,13.1,-0.6,0.8,0.2,0.009,-4.3,-0.4,-4.7,-0.7
473,Matisse Thybulle,SF-SG,25,TOT,71,1200,10.5,0.552,0.585,0.111,3.9,9.7,6.8,5.9,3.4,2.4,8.3,10.6,0.6,1.5,2.1,0.086,-2.7,2.2,-0.5,0.4
473,Matisse Thybulle,SF,25,PHI,49,591,10,0.536,0.543,0.103,4.1,8.5,6.3,5.1,3.8,2.2,6.2,9.8,0.3,0.9,1.3,0.102,-3.2,3.3,0.1,0.3
473,Matisse Thybulle,SG,25,POR,22,609,11,0.566,0.62,0.117,3.7,10.8,7.3,6.6,3,2.6,10,11.4,0.3,0.6,0.9,0.07,-2.2,1.1,-1.2,0.1
474,Xavier Tillman Sr.,C,24,MEM,61,1180,17.3,0.621,0.049,0.291,10.9,16.7,13.8,10.9,2.3,2.2,11.3,13.7,2.3,1.9,4.2,0.171,0.3,1.7,1.9,1.2
475,Isaiah Todd,PF,21,WAS,6,61,-1,0.226,0.526,0.105,3.8,17.6,10.9,7.9,0.8,0,9.1,15.6,-0.2,0,-0.2,-0.147,-10.3,-3.9,-14.2,-0.2
476,Obi Toppin,PF,24,NYK,67,1050,13.6,0.565,0.589,0.112,3,16.6,9.8,9.2,1.1,1.1,8,19.5,1.1,1,2.1,0.095,0.3,-0.8,-0.5,0.4
477,Juan Toscano-Anderson,SF,29,TOT,52,700,7.2,0.505,0.301,0.168,4.4,14.4,9.5,11.8,1.1,1.2,18.1,11.3,-0.1,0.6,0.5,0.038,-4.6,0.8,-3.8,-0.3
477,Juan Toscano-Anderson,SF,29,LAL,30,365,7.5,0.558,0.303,0.227,4.3,13.3,8.9,8.6,1.3,1.6,19,10.4,0,0.4,0.4,0.055,-4.6,1.2,-3.4,-0.1
477,Juan Toscano-Anderson,SF,29,UTA,22,335,6.9,0.457,0.299,0.117,4.6,15.6,10.2,15.2,0.9,0.8,17.4,12.2,-0.1,0.2,0.1,0.019,-4.7,0.4,-4.3,-0.2
478,Karl-Anthony Towns,PF,27,MIN,29,957,18.8,0.618,0.383,0.315,5.7,21.6,13.8,22,1,1.5,15,25.6,1.5,1.1,2.7,0.133,2.1,0.9,3,1.2
479,Gary Trent Jr.,SG,24,TOR,66,2118,15,0.56,0.481,0.219,1.5,8.2,4.6,7.4,2.4,0.6,5.1,21.7,2.5,2,4.5,0.102,0.2,0,0.2,1.2
480,P.J. Tucker,PF,37,PHI,75,1920,5.7,0.566,0.622,0.102,5.9,12.1,9.1,3.9,1,0.7,15.8,6.5,0.9,1.7,2.5,0.064,-3.2,0.2,-3,-0.5
481,Myles Turner,C,26,IND,62,1825,20,0.651,0.34,0.377,5.4,22.9,14.2,7.5,0.9,6.6,10.8,22,3.4,2,5.4,0.142,1.4,0.7,2.1,1.9
482,Stanley Umude,SG,23,DET,1,2,65.6,0.532,1,2,0,0,0,0,24.2,44.1,0,40,0,0,0,0.626,15.9,32.7,48.6,0
483,Jonas Valančiūnas,C,30,NOP,79,1968,19.3,0.61,0.134,0.275,13,33.3,23.1,11.1,0.5,2.5,14.8,23.4,2.8,3,5.8,0.142,0,-0.4,-0.4,0.8
484,Jarred Vanderbilt,PF,23,TOT,78,1879,15.1,0.604,0.2,0.308,10,23.2,16.7,13.1,2.1,0.9,15.9,13.6,2.7,2.5,5.2,0.132,-0.6,1.6,1.1,1.5
484,Jarred Vanderbilt,PF,23,UTA,52,1254,16,0.607,0.183,0.328,10.6,24.5,17.6,15.3,2,1,16,14.1,2.1,1.6,3.6,0.139,0,1.5,1.5,1.1
484,Jarred Vanderbilt,PF,23,LAL,26,625,13.2,0.598,0.236,0.264,8.7,20.6,14.8,8.8,2.3,0.8,15.7,12.5,0.6,0.9,1.5,0.118,-1.7,1.9,0.2,0.4
485,Fred VanVleet,PG,28,TOR,69,2535,17,0.54,0.545,0.254,1.2,12,6.3,28.1,2.4,1.5,10.2,23.2,3.7,2.8,6.5,0.123,2,0.5,2.5,2.9
486,Devin Vassell,SG,22,SAS,38,1178,15.5,0.55,0.447,0.168,0.7,13.5,6.9,17.3,1.7,1.2,8.2,24.4,0.7,0.5,1.2,0.051,1.3,-0.9,0.4,0.7
487,Gabe Vincent,PG,26,MIA,68,1759,9,0.533,0.617,0.138,1.7,8.1,4.8,13.9,1.8,0.3,13.3,17.5,-0.3,1.7,1.4,0.038,-3.1,-0.3,-3.4,-0.6
488,Noah Vonleh,C,27,BOS,23,171,5.9,0.502,0.167,0.083,11.7,18.8,15.3,5.1,0.6,4,30.7,9.2,0,0.3,0.2,0.06,-7,0.7,-6.3,-0.2
489,Nikola Vučević,C,32,CHI,82,2746,19.1,0.594,0.302,0.138,6.7,30.2,18.6,14.6,1.1,2,10.2,21.9,3.9,4.4,8.3,0.145,1.9,0.7,2.7,3.2
490,Dean Wade,PF,26,CLE,44,891,8.5,0.55,0.718,0.13,2.6,17.2,9.9,5.4,1.6,2.2,8.3,10.2,0.4,1.4,1.8,0.097,-2.9,2.1,-0.7,0.3
491,Franz Wagner,SF,21,ORL,80,2609,15.9,0.589,0.322,0.288,3,11.2,7.1,17.2,1.4,0.6,11.7,23.5,3.1,2.3,5.4,0.099,0.4,-0.5,-0.1,1.3
492,Moritz Wagner,C,25,ORL,57,1109,17.4,0.63,0.412,0.46,7,19.4,13.2,11.5,1.6,1.1,12.5,21.1,2.1,1.3,3.4,0.149,0.4,0.2,0.6,0.7
493,Ish Wainright,SF,28,PHO,60,915,9.2,0.522,0.762,0.137,5.3,11.6,8.4,7.4,2,2.2,8.4,12.2,0.5,1.2,1.7,0.089,-2.7,1.5,-1.2,0.2
494,Jabari Walker,SF,20,POR,56,619,9.6,0.496,0.283,0.227,8.8,15.5,12.2,7.8,0.8,1.9,11.8,17.3,-0.1,0.3,0.2,0.015,-3.9,-2.1,-6.1,-0.6
495,Kemba Walker,PG,32,DAL,9,144,15,0.543,0.491,0.368,2.4,10.6,6.5,20.1,0.7,1.2,5.7,22.1,0.2,0.1,0.3,0.098,0.3,-0.6,-0.3,0.1
496,Lonnie Walker IV,SG,24,LAL,56,1297,12.2,0.57,0.472,0.201,1.2,7.6,4.5,7,1.1,1.1,7.4,20.2,0.8,1,1.8,0.066,-0.9,-0.5,-1.4,0.2
497,John Wall,PG,32,LAC,34,755,13.6,0.498,0.322,0.334,2.1,11.4,6.8,35.3,1.8,1.4,17.1,27,-0.4,0.7,0.3,0.02,-0.8,-0.4,-1.2,0.1
498,T.J. Warren,PF-SF,29,TOT,42,687,13.5,0.55,0.248,0.13,4.2,15.4,9.8,8.7,1.6,1.5,6.5,19.5,0.4,0.8,1.2,0.081,-1.7,-0.2,-2,0
498,T.J. Warren,PF,29,BRK,26,490,14.3,0.576,0.24,0.165,3.1,13.2,8.3,9.1,1.5,1.2,7.3,20.9,0.3,0.5,0.8,0.081,-1.4,-0.6,-2,0
498,T.J. Warren,SF,29,PHO,16,197,11.6,0.473,0.271,0.029,7.2,20.7,13.8,7.7,1.7,2.3,4.1,16,0,0.3,0.3,0.08,-2.5,0.6,-1.9,0
499,Duane Washington Jr.,SG,22,PHO,31,394,9.3,0.458,0.434,0.094,0.6,9.8,5.1,25.2,0.7,0.9,11.3,32.5,-0.8,0.3,-0.5,-0.065,-1.8,-2.8,-4.6,-0.3
500,P.J. Washington,PF,24,CHO,73,2380,12.9,0.542,0.438,0.178,3.2,13,8,11,1.3,2.9,9.4,20.6,0.4,2.2,2.6,0.052,-1,-0.3,-1.3,0.4
501,TyTy Washington Jr.,PG,21,HOU,31,433,7.5,0.432,0.5,0.113,0.5,11,5.7,15.3,1.7,0.5,7.7,17.4,-0.3,0.1,-0.1,-0.016,-5,-1.3,-6.3,-0.5
502,Yuta Watanabe,SF,28,BRK,58,928,12.1,0.637,0.582,0.203,3.7,13.1,8.5,7,1.3,1.6,8,13.1,1.3,0.9,2.1,0.111,-0.4,-0.2,-0.6,0.3
503,Lindy Waters III,SG,25,OKC,41,531,11.8,0.573,0.91,0.112,3.2,12.2,7.6,7,1.3,1.9,5.1,15.5,0.6,0.5,1.1,0.101,0.5,-0.4,0.1,0.3
504,Trendon Watford,PF,22,POR,62,1182,13.6,0.625,0.198,0.31,4.1,19.2,11.6,16,1.3,0.9,16.2,16.1,1.3,0.7,2.1,0.084,-1.4,-0.4,-1.8,0.1
505,Peyton Watson,SG,20,DEN,23,186,12.8,0.553,0.237,0.339,5.1,17.4,11.4,7.9,0.5,5.2,10.6,17.7,0.1,0.2,0.3,0.073,-2.7,-0.1,-2.8,0
506,Blake Wesley,SG,19,SAS,37,669,3.5,0.393,0.242,0.205,1.7,11.9,6.6,18.8,1.8,0.6,21.7,18.5,-1.9,0.3,-1.6,-0.114,-7.9,-1.8,-9.6,-1.3
507,Russell Westbrook,PG,34,TOT,73,2126,16.1,0.513,0.289,0.317,4.7,16.5,10.8,38.6,1.7,1.3,18.4,27.7,-0.6,2.6,1.9,0.044,0.3,-0.1,0.2,1.2
507,Russell Westbrook,PG,34,LAL,52,1491,15.3,0.496,0.292,0.326,4.4,18.2,11.5,38.5,1.7,1.3,18.1,28.8,-1.2,1.9,0.7,0.023,-0.2,0.1,-0.1,0.7
507,Russell Westbrook,PG,34,LAC,21,635,17.8,0.562,0.279,0.29,5.4,12.6,9,38.9,1.8,1.4,19.4,25.2,0.6,0.7,1.2,0.092,1.6,-0.8,0.8,0.5
508,Coby White,SG,22,CHI,74,1730,12.5,0.572,0.579,0.118,1.1,12.6,6.9,16.3,1.5,0.3,10.6,17.9,1.2,1.9,3.1,0.087,-1,0.2,-0.8,0.5
509,Derrick White,SG,28,BOS,82,2319,15.4,0.604,0.516,0.253,2.5,11.2,6.9,19.4,1.1,2.8,10.1,17.7,4.4,3.1,7.4,0.154,1.1,1.3,2.4,2.6
510,Jack White,SF,25,DEN,17,66,12.6,0.517,0.474,0.158,10.7,18.6,14.8,7.7,2.2,2.7,9,14.7,0.1,0.1,0.1,0.108,-2.6,0.7,-1.9,0
511,Joe Wieskamp,SF,23,TOR,9,50,-0.4,0.321,0.857,0,0,9.8,4.5,7.4,0,0,6.7,12.8,-0.1,0,-0.1,-0.076,-7,-3.6,-10.6,-0.1
512,Aaron Wiggins,SG,24,OKC,70,1297,12.2,0.607,0.336,0.196,5.5,12,8.7,8.3,1.4,1.1,12.2,14.5,1.4,1.2,2.6,0.097,-1.5,-0.5,-2.1,0
513,Andrew Wiggins,SF,27,GSW,37,1190,14.7,0.564,0.425,0.136,5.7,11.3,8.6,10.5,1.8,2.1,7.9,21.5,1,1.3,2.3,0.091,-0.1,-0.4,-0.5,0.5
514,Lindell Wigginton,PG,24,MIL,7,87,11.8,0.61,0.486,0.243,0,8.1,4.2,23.8,0,1.9,22.7,25.6,0,0.1,0.1,0.028,-3.1,-3.6,-6.7,-0.1
515,Alondes Williams,SG,23,BRK,1,5,-20.9,,,,0,22,11.2,0,0,0,100,17.7,-0.1,0,-0.1,-0.517,-21.3,-5.2,-26.5,0
516,Donovan Williams,SG,21,ATL,2,4,14.5,0.4,0.4,0,0,55.4,27.4,0,0,0,0,52.5,0,0,0,-0.225,-9.1,-6.1,-15.2,0
517,Grant Williams,PF,24,BOS,79,2045,10.3,0.605,0.611,0.256,4.7,14.5,9.7,8.4,1,1.3,13.4,13.1,1.9,2.6,4.4,0.104,-1.8,0.7,-1.1,0.5
518,Jalen Williams,SG,21,OKC,75,2276,15.6,0.601,0.258,0.241,3.9,12.2,7.9,15.4,2.1,1.4,12.3,18.4,3,2.6,5.6,0.119,-0.4,0.7,0.3,1.3
519,Jaylin Williams,C,20,OKC,49,914,11.2,0.559,0.483,0.231,5.1,23.6,14.1,10.7,1.5,1.2,12.6,13.5,0.7,1.2,1.9,0.099,-2.3,0.6,-1.7,0.1
520,Jeenathan Williams,SG,23,POR,5,127,15.5,0.657,0.205,0.077,9,4.6,6.8,12.1,1.2,1.4,9,15.2,0.3,0,0.3,0.12,-1,-2.1,-3,0
521,Kenrich Williams,PF,28,OKC,53,1206,14.4,0.585,0.387,0.113,8.5,14.9,11.6,11.7,1.8,1.1,8.1,13.7,2,1.3,3.3,0.133,0.1,0.4,0.5,0.8
522,Mark Williams,C,21,CHO,43,828,19.8,0.659,0,0.386,11.7,27.7,19.6,3.3,1.6,4.7,12,17,1.5,1.3,2.8,0.163,-0.5,0.6,0.1,0.4
523,Patrick Williams,PF,21,CHI,82,2323,11.2,0.576,0.409,0.155,3.9,12,8,5.8,1.5,2.9,12.3,15.7,0.5,3,3.5,0.072,-1.7,0.4,-1.3,0.4
524,Robert Williams,C,25,BOS,35,824,19.8,0.742,0.006,0.241,14,24.5,19.3,8.5,1.3,5,15.3,11.8,2.3,1.6,3.8,0.224,1,2.4,3.3,1.1
525,Vince Williams Jr.,SG,22,MEM,15,105,3.9,0.367,0.7,0.05,4,11.1,7.6,4.8,2.7,1.7,10.9,18.1,-0.3,0.2,-0.1,-0.049,-8.3,-0.2,-8.5,-0.2
526,Ziaire Williams,SF,21,MEM,37,561,7.4,0.511,0.495,0.112,3,11.9,7.5,8.2,1.2,1,15.2,18,-0.5,0.6,0.1,0.011,-4.7,-0.8,-5.6,-0.5
527,Zion Williamson,PF,22,NOP,29,956,25.2,0.652,0.041,0.529,6.9,17,12,24.4,1.6,1.6,14.6,30.4,2.3,1.2,3.6,0.18,4.8,1,5.8,1.9
528,Dylan Windler,SF,26,CLE,3,10,19,0.833,0.667,0,0,0,0,15.2,5,0,25,17.9,0,0,0,0.149,3.2,3.5,6.7,0
529,Justise Winslow,PF,26,POR,29,776,9.3,0.466,0.227,0.141,7.2,14.3,10.7,17.2,1.9,1.3,17,14.2,-0.1,0.5,0.4,0.022,-3.4,0.6,-2.8,-0.2
530,James Wiseman,C,21,TOT,45,867,15.6,0.589,0.059,0.286,9.2,25.2,17,5.5,0.4,2.7,11.8,21.2,0.7,0.7,1.4,0.077,-2.1,-1.4,-3.5,-0.3
530,James Wiseman,C,21,GSW,21,262,17.1,0.655,0.021,0.404,7.7,22.7,15.3,8,0.5,2.4,11.2,20,0.5,0.3,0.8,0.144,-1.3,-0.5,-1.7,0
530,James Wiseman,C,21,DET,24,605,15,0.563,0.073,0.241,9.8,26.3,17.8,4.4,0.3,2.9,12,21.7,0.2,0.4,0.6,0.049,-2.5,-1.8,-4.3,-0.4
531,Christian Wood,C,27,DAL,67,1738,20.6,0.624,0.363,0.365,5.8,27.4,16.4,11.7,0.9,3.7,11.9,26.4,2.7,2.1,4.8,0.132,1.9,-0.3,1.7,1.6
532,Delon Wright,PG,30,WAS,50,1221,16.3,0.581,0.409,0.206,5.5,10.7,8.2,20.9,3.7,1.2,12.2,12.9,2.1,1.6,3.7,0.146,0.4,3.1,3.4,1.7
533,McKinley Wright IV,PG,24,DAL,27,335,12.4,0.536,0.286,0.194,3.1,13.4,8.2,25.2,1.2,1.3,15.2,16.9,0.2,0.2,0.5,0.069,-1.9,-0.8,-2.7,-0.1
534,Gabe York,SG,29,IND,3,56,11.8,0.548,0.857,0.095,0,11.9,5.9,12.3,1.7,0,0,16.4,0.1,0,0.1,0.091,-1.7,-1.8,-3.5,0
535,Thaddeus Young,PF,34,TOR,54,795,14.1,0.573,0.172,0.131,9.4,14.6,11.8,12.9,3.4,0.6,16.7,13.5,0.7,1.1,1.8,0.109,-1.8,1.9,0.1,0.4
536,Trae Young,PG,24,ATL,73,2541,22,0.573,0.331,0.46,2.4,7,4.7,42.5,1.5,0.3,15.2,32.6,5.3,1.4,6.7,0.126,5.3,-2,3.3,3.4
537,Omer Yurtseven,C,24,MIA,9,83,16.7,0.675,0.259,0.222,10.9,21.9,16.2,3.9,1.2,2.5,11.9,18,0.2,0.1,0.3,0.159,-2.5,-1.5,-3.9,0
538,Cody Zeller,C,30,MIA,15,217,16.4,0.659,0.034,0.593,13,21.8,17.3,7.2,0.7,1.9,15.8,18.1,0.4,0.3,0.7,0.147,-2,-0.7,-2.8,0
539,Ivica Zubac,C,25,LAC,76,2170,16.7,0.661,0.004,0.463,12.3,26.5,19.5,5.1,0.7,4,15.9,14.8,3.8,2.9,6.7,0.149,-1.1,0.2,-0.9,0.6